한자,훈/음 (1),훈/음 (2),훈/음 (3),부수,급수
校,학교 교:,,,木,8급
東,동녘 동,,,木,8급
四,넉 사:,,,囗,8급
五,다섯 오:,,,二,8급
中,가운데 중,,,丨,8급
敎,가르칠 교:,,,攴,8급
六,여섯 륙,,,八,8급
山,메 산,,,山,8급
王,임금 왕,,,玉,8급
靑,푸를 청,,,靑,8급
九,아홉 구,,,乙,8급
萬,일만 만:,,,艸,8급
三,석 삼,,,一,8급
外,바깥 외:,,,夕,8급
寸,마디 촌:,,,寸,8급
國,나라 국,,,囗,8급
母,어미 모:,,,毋,8급
生,날 생,,,生,8급
月,달 월,,,月,8급
七,일곱 칠,,,一,8급
軍,군사 군,,,車,8급
木,나무 목,,,木,8급
西,서녘 서,,,襾,8급
二,두 이:,,,二,8급
土,흙 토,,,土,8급
金,쇠 금,성(姓) 김,,金,8급
門,문 문,,,門,8급
先,먼저 선,,,儿,8급
人,사람 인,,,人,8급
八,여덟 팔,,,八,8급
南,남녘 남,,,十,8급
民,백성 민,,,氏,8급
小,작을 소:,,,小,8급
一,한 일,,,一,8급
學,배울 학,,,子,8급
女,계집 녀,,,女,8급
白,흰 백,,,白,8급
水,물 수,,,水,8급
日,날 일,,,日,8급
韓,한국 한(:),나라 한(:),,韋,8급
年,해 년,,,干,8급
父,아비 부,,,父,8급
室,집 실,,,宀,8급
長,긴 장(:),,,長,8급
兄,형 형,,,儿,8급
大,큰 대(:),,,大,8급
北,북녘 북,달아날 배:,,匕,8급
十,열 십,,,十,8급
弟,아우 제:,,,弓,8급
火,불 화(:),,,火,8급
家,집 가,,,宀,7급Ⅱ
農,농사 농,,,辰,7급Ⅱ
不,아닐 불,,,一,7급Ⅱ
午,낮 오:,,,十,7급Ⅱ
左,왼 좌:,,,工,7급Ⅱ
間,사이 간(:),,,門,7급Ⅱ
答,대답 답,,,竹,7급Ⅱ
事,일 사:,,,亅,7급Ⅱ
右,오를 우:,오른(쪽) 우:,,口,7급Ⅱ
直,곧을 직,,,目,7급Ⅱ
江,강 강,,,水,7급Ⅱ
道,길 도:,,,辵,7급Ⅱ
上,윗 상:,,,一,7급Ⅱ
子,아들 자,,,子,7급Ⅱ
平,평평할 평,,,干,7급Ⅱ
車,수레 거,수레 차,,車,7급Ⅱ
動,움직일 동:,,,力,7급Ⅱ
姓,성 성:,,,女,7급Ⅱ
自,스스로 자,,,自,7급Ⅱ
下,아래 하:,,,一,7급Ⅱ
工,장인 공,,,工,7급Ⅱ
力,힘 력,,,力,7급Ⅱ
世,인간 세:,,,一,7급Ⅱ
場,마당 장,,,土,7급Ⅱ
漢,한수 한:,한나라 한:,,水,7급Ⅱ
空,빌 공,,,穴,7급Ⅱ
立,설 립,,,立,7급Ⅱ
手,손 수(:),,,手,7급Ⅱ
電,번개 전:,,,雨,7급Ⅱ
海,바다 해:,,,水,7급Ⅱ
氣,기운 기,,,气,7급Ⅱ
每,매양 매(:),,,毋,7급Ⅱ
時,때 시,,,日,7급Ⅱ
前,앞 전,,,刀,7급Ⅱ
話,말씀 화,,,言,7급Ⅱ
記,기록할 기,,,言,7급Ⅱ
名,이름 명,,,口,7급Ⅱ
市,저자 시:,,,巾,7급Ⅱ
全,온전 전,,,入,7급Ⅱ
活,살 활,,,水,7급Ⅱ
男,사내 남,,,田,7급Ⅱ
物,물건 물,,,牛,7급Ⅱ
食,밥 식,먹을 식,,食,7급Ⅱ
正,바를 정(:),,,止,7급Ⅱ
孝,효도 효:,,,子,7급Ⅱ
內,안 내:,,,入,7급Ⅱ
方,모[棱] 방,,,方,7급Ⅱ
安,편안 안,,,宀,7급Ⅱ
足,발 족,,,足,7급Ⅱ
後,뒤 후:,,,彳,7급Ⅱ
歌,노래 가,,,欠,7급
林,수풀 림,,,木,7급
少,적을 소:,,,小,7급
入,들 입,,,入,7급
川,내 천,,,巛,7급
口,입 구(:),,,口,7급
面,낯 면:,,,面,7급
所,바 소:,,,戶,7급
字,글자 자,,,子,7급
草,풀 초,,,艸,7급
旗,기 기,,,方,7급
命,목숨 명:,,,口,7급
數,셈 수:,,,攴,7급
祖,할아비 조,,,示,7급
村,마을 촌:,,,木,7급
同,한가지 동,,,口,7급
文,글월 문,,,文,7급
植,심을 식,,,木,7급
住,살 주:,,,人,7급
秋,가을 추,,,禾,7급
洞,골 동:,밝을 통:,,水,7급
問,물을 문:,,,口,7급
心,마음 심,,,心,7급
主,임금 주,주인 주,,丶,7급
春,봄 춘,,,日,7급
冬,겨울 동(:),,,冫,7급
百,일백 백,,,白,7급
語,말씀 어:,,,言,7급
重,무거울 중:,,,里,7급
出,날[生] 출,,,凵,7급
登,오를 등,,,癶,7급
夫,지아비 부,,,大,7급
然,그럴 연,,,火,7급
紙,종이 지,,,糸,7급
便,편할 편(:),똥오줌 변,,人,7급
來,올 래(:),,,人,7급
算,셈 산:,,,竹,7급
有,있을 유:,,,月,7급
地,따 지,,,土,7급
夏,여름 하:,,,夊,7급
老,늙을 로:,,,老,7급
色,빛 색,,,色,7급
育,기를 육,,,肉,7급
千,일천 천,,,十,7급
花,꽃 화,,,艸,7급
里,마을 리:,,,里,7급
夕,저녁 석,,,夕,7급
邑,고을 읍,,,邑,7급
天,하늘 천,,,大,7급
休,쉴 휴,,,人,7급
各,각각 각,,,口,6급Ⅱ
光,빛 광,,,儿,6급Ⅱ
童,아이 동(:),,,立,6급Ⅱ
發,필 발,,,癶,6급Ⅱ
消,사라질 소,,,水,6급Ⅱ
角,뿔 각,,,角,6급Ⅱ
球,공 구,,,玉,6급Ⅱ
等,무리 등:,,,竹,6급Ⅱ
放,놓을 방(:),,,攴,6급Ⅱ
術,재주 술,,,行,6급Ⅱ
界,지경 계:,,,田,6급Ⅱ
今,이제 금,,,人,6급Ⅱ
樂,즐길 락,노래 악,좋아할 요,木,6급Ⅱ
部,떼 부,,,邑,6급Ⅱ
始,비로소 시:,,,女,6급Ⅱ
計,셀 계:,,,言,6급Ⅱ
急,급할 급,,,心,6급Ⅱ
利,이할 리:,,,刀,6급Ⅱ
分,나눌 분(:),,,刀,6급Ⅱ
身,몸 신,,,身,6급Ⅱ
高,높을 고,,,高,6급Ⅱ
短,짧을 단(:),,,矢,6급Ⅱ
理,다스릴 리:,,,玉,6급Ⅱ
社,모일 사,,,示,6급Ⅱ
神,귀신 신,,,示,6급Ⅱ
公,공평할 공,,,八,6급Ⅱ
堂,집 당,,,土,6급Ⅱ
明,밝을 명,,,日,6급Ⅱ
書,글 서,,,曰,6급Ⅱ
信,믿을 신:,,,人,6급Ⅱ
共,한가지 공:,,,八,6급Ⅱ
代,대신할 대:,,,人,6급Ⅱ
聞,들을 문(:),,,耳,6급Ⅱ
線,줄 선,,,糸,6급Ⅱ
新,새 신,,,斤,6급Ⅱ
功,공[勳] 공,,,力,6급Ⅱ
對,대할 대:,,,寸,6급Ⅱ
半,반(半) 반:,,,十,6급Ⅱ
雪,눈 설,,,雨,6급Ⅱ
弱,약할 약,,,弓,6급Ⅱ
果,실과 과:,,,木,6급Ⅱ
圖,그림 도,,,囗,6급Ⅱ
反,돌이킬 반:,돌아올 반:,,又,6급Ⅱ
成,이룰 성,,,戈,6급Ⅱ
藥,약 약,,,艸,6급Ⅱ
科,과목 과,,,禾,6급Ⅱ
讀,읽을 독,구절 두,,言,6급Ⅱ
班,나눌 반,,,玉,6급Ⅱ
省,살필 성,덜 생,,目,6급Ⅱ
業,업 업,,,木,6급Ⅱ
勇,날랠 용:,,,力,6급Ⅱ
庭,뜰 정,,,广,6급Ⅱ
幸,다행 행:,,,干,6급Ⅱ
用,쓸 용:,,,用,6급Ⅱ
第,차례 제:,,,竹,6급Ⅱ
現,나타날 현:,,,玉,6급Ⅱ
運,옮길 운:,,,辵,6급Ⅱ
題,제목 제,,,頁,6급Ⅱ
形,모양 형,,,彡,6급Ⅱ
音,소리 음,,,音,6급Ⅱ
注,부을 주:,,,水,6급Ⅱ
和,화할 화,,,口,6급Ⅱ
飮,마실 음(:),,,食,6급Ⅱ
集,모을 집,,,隹,6급Ⅱ
會,모일 회:,,,曰,6급Ⅱ
意,뜻 의:,,,心,6급Ⅱ
窓,창 창,,,穴,6급Ⅱ
作,지을 작,,,人,6급Ⅱ
淸,맑을 청,,,水,6급Ⅱ
昨,어제 작,,,日,6급Ⅱ
體,몸 체,,,骨,6급Ⅱ
才,재주 재,,,手,6급Ⅱ
表,겉 표,,,衣,6급Ⅱ
戰,싸움 전:,,,戈,6급Ⅱ
風,바람 풍,,,風,6급Ⅱ
感,느낄 감:,,,心,6급
近,가까울 근:,,,辵,6급
李,오얏 리:,성(姓) 리:,,木,6급
使,하여금 사:,부릴 사:,,人,6급
失,잃을 실,,,大,6급
強,강할 강(:),,,弓,6급
級,등급 급,,,糸,6급
目,눈 목,,,目,6급
死,죽을 사:,,,歹,6급
愛,사랑 애(:),,,心,6급
開,열 개,,,門,6급
多,많을 다,,,夕,6급
美,아름다울 미(:),,,羊,6급
席,자리 석,,,巾,6급
夜,밤 야:,,,夕,6급
京,서울 경,,,亠,6급
待,기다릴 대:,,,彳,6급
米,쌀 미,,,米,6급
石,돌 석,,,石,6급
野,들[坪] 야:,,,里,6급
古,예 고:,,,口,6급
度,법도 도(:),헤아릴 탁,,广,6급
朴,성(姓) 박,,,木,6급
速,빠를 속,,,辵,6급
陽,볕 양,,,阜,6급
苦,쓸[味覺] 고,,,艸,6급
頭,머리 두,,,頁,6급
番,차례 번,,,田,6급
孫,손자 손(:),,,子,6급
洋,큰바다 양,,,水,6급
交,사귈 교,,,亠,6급
例,법식 례:,,,人,6급
別,다를 별,나눌 별,,刀,6급
樹,나무 수,,,木,6급
言,말씀 언,,,言,6급
區,구분할 구,지경 구,,匸,6급
禮,예도 례:,,,示,6급
病,병 병:,,,疒,6급
習,익힐 습,,,羽,6급
英,꽃부리 영,,,艸,6급
郡,고을 군:,,,邑,6급
路,길 로:,,,足,6급
服,옷 복,,,月,6급
勝,이길 승,,,力,6급
永,길 영:,,,水,6급
根,뿌리 근,,,木,6급
綠,푸를 록,,,糸,6급
本,근본 본,,,木,6급
式,법 식,,,弋,6급
溫,따뜻할 온,,,水,6급
園,동산 원,,,囗,6급
定,정할 정:,,,宀,6급
向,향할 향:,,,口,6급
遠,멀 원:,,,辵,6급
朝,아침 조,,,月,6급
號,이름 호(:),,,虍,6급
由,말미암을 유,,,田,6급
族,겨레 족,,,方,6급
畫,그림 화:,그을 획,,田,6급
油,기름 유,,,水,6급
晝,낮 주,,,日,6급
黃,누를 황,,,黃,6급
銀,은 은,,,金,6급
親,친할 친,,,見,6급
訓,가르칠 훈:,,,言,6급
醫,의원 의,,,酉,6급
太,클 태,,,大,6급
衣,옷 의,,,衣,6급
通,통할 통,,,辵,6급
者,놈 자,,,老,6급
特,특별할 특,,,牛,6급
章,글 장,,,立,6급
合,합할 합,,,口,6급
在,있을 재:,,,土,6급
行,다닐 행(:),항렬 항,,行,6급
價,값 가,,,人,5급Ⅱ
觀,볼 관,,,見,5급Ⅱ
團,둥글 단,,,囗,5급Ⅱ
勞,일할 로,,,力,5급Ⅱ
史,사기(史記) 사:,,,口,5급Ⅱ
客,손 객,,,宀,5급Ⅱ
關,관계할 관,,,門,5급Ⅱ
當,마땅 당,,,田,5급Ⅱ
流,흐를 류,,,水,5급Ⅱ
士,선비 사:,,,士,5급Ⅱ
格,격식 격,,,木,5급Ⅱ
廣,넓을 광:,,,广,5급Ⅱ
德,큰 덕,,,彳,5급Ⅱ
類,무리 류(:),,,頁,5급Ⅱ
仕,섬길 사(:),,,人,5급Ⅱ
見,볼 견:,뵈올 현:,,見,5급Ⅱ
具,갖출 구(:),,,八,5급Ⅱ
到,이를 도:,,,刀,5급Ⅱ
陸,뭍 륙,,,阜,5급Ⅱ
産,낳을 산:,,,生,5급Ⅱ
結,맺을 결,,,糸,5급Ⅱ
舊,예 구:,,,臼,5급Ⅱ
獨,홀로 독,,,犬,5급Ⅱ
望,바랄 망:,,,月,5급Ⅱ
商,장사 상,,,口,5급Ⅱ
決,결단할 결,,,水,5급Ⅱ
局,판[形局] 국,,,尸,5급Ⅱ
朗,밝을 랑:,,,月,5급Ⅱ
法,법 법,,,水,5급Ⅱ
相,서로 상,,,目,5급Ⅱ
敬,공경 경:,,,攴,5급Ⅱ
基,터 기,,,土,5급Ⅱ
良,어질 량,,,艮,5급Ⅱ
變,변할 변:,,,言,5급Ⅱ
鮮,고울 선,,,魚,5급Ⅱ
告,고할 고:,,,口,5급Ⅱ
己,몸 기,,,己,5급Ⅱ
旅,나그네 려,,,方,5급Ⅱ
兵,병사 병,,,八,5급Ⅱ
仙,신선 선,,,人,5급Ⅱ
課,공부할 과,과정 과(:),,言,5급Ⅱ
念,생각 념:,,,心,5급Ⅱ
歷,지날 력,,,止,5급Ⅱ
福,복 복,,,示,5급Ⅱ
說,말씀 설,달랠 세:,,言,5급Ⅱ
過,지날 과:,,,辵,5급Ⅱ
能,능할 능,,,肉,5급Ⅱ
練,익힐 련:,,,糸,5급Ⅱ
奉,받들 봉:,,,大,5급Ⅱ
性,성품 성:,,,心,5급Ⅱ
洗,씻을 세:,,,水,5급Ⅱ
惡,악할 악,미워할 오,,心,5급Ⅱ
任,맡길 임(:),,,人,5급Ⅱ
情,뜻 정,,,心,5급Ⅱ
責,꾸짖을 책,,,貝,5급Ⅱ
歲,해 세:,,,止,5급Ⅱ
約,맺을 약,,,糸,5급Ⅱ
財,재물 재,,,貝,5급Ⅱ
調,고를 조,,,言,5급Ⅱ
充,채울 충,,,儿,5급Ⅱ
束,묶을 속,,,木,5급Ⅱ
養,기를 양:,,,食,5급Ⅱ
材,재목 재,,,木,5급Ⅱ
卒,마칠 졸,,,十,5급Ⅱ
宅,집 택,,,宀,5급Ⅱ
首,머리 수,,,首,5급Ⅱ
要,요긴할 요(:),,,襾,5급Ⅱ
的,과녁 적,,,白,5급Ⅱ
種,씨 종(:),,,禾,5급Ⅱ
品,물건 품:,,,口,5급Ⅱ
宿,잘 숙,별자리 수:,,宀,5급Ⅱ
友,벗 우:,,,又,5급Ⅱ
傳,전할 전,,,人,5급Ⅱ
週,주일 주,,,辵,5급Ⅱ
必,반드시 필,,,心,5급Ⅱ
順,순할 순:,,,頁,5급Ⅱ
雨,비 우:,,,雨,5급Ⅱ
典,법 전:,,,八,5급Ⅱ
州,고을 주,,,巛,5급Ⅱ
筆,붓 필,,,竹,5급Ⅱ
識,알 식,,,言,5급Ⅱ
雲,구름 운,,,雨,5급Ⅱ
展,펼 전:,,,尸,5급Ⅱ
知,알 지,,,矢,5급Ⅱ
害,해할 해:,,,宀,5급Ⅱ
臣,신하 신,,,臣,5급Ⅱ
元,으뜸 원,,,儿,5급Ⅱ
節,마디 절,,,竹,5급Ⅱ
質,바탕 질,,,貝,5급Ⅱ
化,될 화(:),,,匕,5급Ⅱ
實,열매 실,,,宀,5급Ⅱ
偉,클 위,,,人,5급Ⅱ
切,끊을 절,온통 체,,刀,5급Ⅱ
着,붙을 착,,,目,5급Ⅱ
效,본받을 효:,,,攴,5급Ⅱ
兒,아이 아,,,儿,5급Ⅱ
以,써 이:,,,人,5급Ⅱ
店,가게 점:,,,广,5급Ⅱ
參,참여할 참,,,厶,5급Ⅱ
凶,흉할 흉,,,凵,5급Ⅱ
加,더할 가,,,力,5급
景,볕 경(:),,,日,5급
期,기약할 기,,,月,5급
領,거느릴 령,,,頁,5급
比,견줄 비:,,,比,5급
可,옳을 가:,,,口,5급
考,생각할 고(:),,,老,5급
技,재주 기,,,手,5급
令,하여금 령(:),,,人,5급
費,쓸 비:,,,貝,5급
改,고칠 개(:),,,攴,5급
固,굳을 고(:),,,囗,5급
吉,길할 길,,,口,5급
料,헤아릴 료(:),,,斗,5급
鼻,코 비:,,,鼻,5급
擧,들 거:,,,手,5급
曲,굽을 곡,,,曰,5급
壇,단 단,,,土,5급
馬,말 마:,,,馬,5급
氷,얼음 빙,,,水,5급
去,갈 거:,,,厶,5급
橋,다리 교,,,木,5급
談,말씀 담,,,言,5급
末,끝 말,,,木,5급
寫,베낄 사,,,宀,5급
件,물건 건,,,人,5급
救,구원할 구:,,,攴,5급
都,도읍 도,,,邑,5급
亡,망할 망,,,亠,5급
思,생각 사(:),,,心,5급
建,세울 건:,,,廴,5급
貴,귀할 귀:,,,貝,5급
島,섬 도,,,山,5급
買,살 매:,,,貝,5급
査,조사할 사,,,木,5급
健,굳셀 건:,,,人,5급
規,법 규,,,見,5급
落,떨어질 락,,,艸,5급
賣,팔 매(:),,,貝,5급
賞,상줄 상,,,貝,5급
輕,가벼울 경,,,車,5급
給,줄 급,,,糸,5급
冷,찰 랭:,,,冫,5급
無,없을 무,,,火,5급
序,차례 서:,,,广,5급
競,다툴 경:,,,立,5급
汽,물끓는김 기,,,水,5급
量,헤아릴 량,,,里,5급
倍,곱 배(:),,,人,5급
善,착할 선:,,,口,5급
選,가릴 선:,,,辵,5급
完,완전할 완,,,宀,5급
因,인할 인,,,囗,5급
止,그칠 지,,,止,5급
卓,높을 탁,,,十,5급
船,배 선,,,舟,5급
曜,빛날 요:,,,日,5급
災,재앙 재,,,火,5급
唱,부를 창:,,,口,5급
炭,숯 탄:,,,火,5급
示,보일 시:,,,示,5급
浴,목욕할 욕,,,水,5급
再,두 재:,,,冂,5급
鐵,쇠 철,,,金,5급
板,널 판,,,木,5급
案,책상 안:,,,木,5급
牛,소 우,,,牛,5급
爭,다툴 쟁,,,爪,5급
初,처음 초,,,刀,5급
敗,패할 패:,,,攴,5급
漁,고기잡을 어,,,水,5급
雄,수컷 웅,,,隹,5급
貯,쌓을 저:,,,貝,5급
最,가장 최:,,,曰,5급
河,물 하,,,水,5급
魚,고기 어,물고기 어,,魚,5급
原,언덕 원,,,厂,5급
赤,붉을 적,,,赤,5급
祝,빌 축,,,示,5급
寒,찰 한,,,宀,5급
億,억[數字] 억,,,人,5급
院,집 원,,,阜,5급
停,머무를 정,,,人,5급
致,이를 치:,,,至,5급
許,허락할 허,,,言,5급
熱,더울 열,,,火,5급
願,원할 원:,,,頁,5급
操,잡을 조(:),,,手,5급
則,법칙 칙,,,刀,5급
湖,호수 호,,,水,5급
葉,잎 엽,,,艸,5급
位,자리 위,,,人,5급
終,마칠 종,,,糸,5급
他,다를 타,,,人,5급
患,근심 환:,,,心,5급
屋,집 옥,,,尸,5급
耳,귀 이:,,,耳,5급
罪,허물 죄:,,,网,5급
打,칠 타:,,,手,5급
黑,검을 흑,,,黑,5급
假,거짓 가:,,,人,4급Ⅱ
境,지경 경,,,土,4급Ⅱ
宮,집 궁,,,宀,4급Ⅱ
斷,끊을 단:,,,斤,4급Ⅱ
毒,독 독,,,毋,4급Ⅱ
街,거리 가(:),,,行,4급Ⅱ
經,지날 경,글 경,,糸,4급Ⅱ
權,권세 권,,,木,4급Ⅱ
單,홑 단,,,口,4급Ⅱ
督,감독할 독,,,目,4급Ⅱ
減,덜 감:,,,水,4급Ⅱ
警,깨우칠 경:,,,言,4급Ⅱ
極,다할 극,극진할 극,,木,4급Ⅱ
檀,박달나무 단,,,木,4급Ⅱ
銅,구리 동,,,金,4급Ⅱ
監,볼 감,,,皿,4급Ⅱ
慶,경사 경:,,,心,4급Ⅱ
禁,금할 금:,,,示,4급Ⅱ
端,끝 단,,,立,4급Ⅱ
斗,말 두,,,斗,4급Ⅱ
講,욀 강:,,,言,4급Ⅱ
係,맬 계:,,,人,4급Ⅱ
器,그릇 기,,,口,4급Ⅱ
達,통달할 달,,,辵,4급Ⅱ
豆,콩 두,,,豆,4급Ⅱ
康,편안 강,,,广,4급Ⅱ
故,연고 고(:),,,攴,4급Ⅱ
起,일어날 기,,,走,4급Ⅱ
擔,멜 담,,,手,4급Ⅱ
得,얻을 득,,,彳,4급Ⅱ
個,낱 개(:),,,人,4급Ⅱ
官,벼슬 관,,,宀,4급Ⅱ
暖,따뜻할 난:,,,日,4급Ⅱ
黨,무리 당,,,黑,4급Ⅱ
燈,등 등,,,火,4급Ⅱ
檢,검사할 검:,,,木,4급Ⅱ
求,구할[索] 구,,,水,4급Ⅱ
難,어려울 난(:),,,隹,4급Ⅱ
帶,띠 대(:),,,巾,4급Ⅱ
羅,벌릴 라,,,网,4급Ⅱ
潔,깨끗할 결,,,水,4급Ⅱ
句,글귀 구,,,口,4급Ⅱ
怒,성낼 노:,,,心,4급Ⅱ
隊,무리 대,,,阜,4급Ⅱ
兩,두 량:,,,入,4급Ⅱ
缺,이지러질 결,,,缶,4급Ⅱ
究,연구할 구,,,穴,4급Ⅱ
努,힘쓸 노,,,力,4급Ⅱ
導,인도할 도:,,,寸,4급Ⅱ
麗,고울 려,,,鹿,4급Ⅱ
連,이을 련,,,辵,4급Ⅱ
務,힘쓸 무:,,,力,4급Ⅱ
背,등 배:,,,肉,4급Ⅱ
復,회복할 복,다시 부:,,彳,4급Ⅱ
貧,가난할 빈,,,貝,4급Ⅱ
列,벌릴 렬,,,刀,4급Ⅱ
武,호반 무:,,,止,4급Ⅱ
配,나눌 배:,짝 배:,,酉,4급Ⅱ
府,마을[官廳] 부(:),,,广,4급Ⅱ
寺,절 사,,,寸,4급Ⅱ
錄,기록할 록,,,金,4급Ⅱ
未,아닐 미(:),,,木,4급Ⅱ
罰,벌할 벌,,,网,4급Ⅱ
富,부자 부:,,,宀,4급Ⅱ
師,스승 사,,,巾,4급Ⅱ
論,논할 론,,,言,4급Ⅱ
味,맛 미:,,,口,4급Ⅱ
伐,칠[討] 벌,,,人,4급Ⅱ
副,버금 부:,,,刀,4급Ⅱ
謝,사례할 사:,,,言,4급Ⅱ
留,머무를 류,,,田,4급Ⅱ
密,빽빽할 밀,,,宀,4급Ⅱ
壁,벽 벽,,,土,4급Ⅱ
婦,며느리 부,,,女,4급Ⅱ
舍,집 사,,,舌,4급Ⅱ
律,법칙 률,,,彳,4급Ⅱ
博,넓을 박,,,十,4급Ⅱ
邊,가[側] 변,,,辵,4급Ⅱ
佛,부처 불,,,人,4급Ⅱ
殺,죽일 살,감할 쇄:,빠를 쇄:,殳,4급Ⅱ
滿,찰 만(:),,,水,4급Ⅱ
防,막을 방,,,阜,4급Ⅱ
保,지킬 보(:),,,人,4급Ⅱ
飛,날 비,,,飛,4급Ⅱ
常,떳떳할 상,,,巾,4급Ⅱ
脈,줄기 맥,,,肉,4급Ⅱ
房,방 방,,,戶,4급Ⅱ
步,걸음 보:,,,止,4급Ⅱ
備,갖출 비:,,,人,4급Ⅱ
床,상 상,,,广,4급Ⅱ
毛,터럭 모,,,毛,4급Ⅱ
訪,찾을 방:,,,言,4급Ⅱ
報,갚을 보:,알릴 보:,,土,4급Ⅱ
非,아닐 비(:),,,非,4급Ⅱ
想,생각 상:,,,心,4급Ⅱ
牧,칠[養] 목,,,牛,4급Ⅱ
拜,절 배:,,,手,4급Ⅱ
寶,보배 보:,,,宀,4급Ⅱ
悲,슬플 비:,,,心,4급Ⅱ
狀,형상 상,문서 장:,,犬,4급Ⅱ
設,베풀 설,,,言,4급Ⅱ
笑,웃음 소:,,,竹,4급Ⅱ
收,거둘 수,,,攴,4급Ⅱ
深,깊을 심,,,水,4급Ⅱ
硏,갈 연:,,,石,4급Ⅱ
誠,정성 성,,,言,4급Ⅱ
掃,쓸[掃除] 소(:),,,手,4급Ⅱ
純,순수할 순,,,糸,4급Ⅱ
眼,눈 안:,,,目,4급Ⅱ
演,펼 연:,,,水,4급Ⅱ
聲,소리 성,,,耳,4급Ⅱ
素,본디 소(:),흴[白] 소(:),,糸,4급Ⅱ
承,이을 승,,,手,4급Ⅱ
暗,어두울 암:,,,日,4급Ⅱ
榮,영화 영,,,木,4급Ⅱ
盛,성할 성:,,,皿,4급Ⅱ
續,이을 속,,,糸,4급Ⅱ
詩,시 시,,,言,4급Ⅱ
壓,누를 압,,,土,4급Ⅱ
藝,재주 예:,,,艸,4급Ⅱ
聖,성인 성:,,,耳,4급Ⅱ
俗,풍속 속,,,人,4급Ⅱ
試,시험 시(:),,,言,4급Ⅱ
液,진 액,,,水,4급Ⅱ
誤,그르칠 오:,,,言,4급Ⅱ
城,재 성,,,土,4급Ⅱ
送,보낼 송:,,,辵,4급Ⅱ
視,볼 시:,,,見,4급Ⅱ
羊,양 양,,,羊,4급Ⅱ
玉,구슬 옥,,,玉,4급Ⅱ
星,별 성,,,日,4급Ⅱ
修,닦을 수,,,人,4급Ⅱ
施,베풀 시:,,,方,4급Ⅱ
餘,남을 여,,,食,4급Ⅱ
往,갈 왕:,,,彳,4급Ⅱ
勢,형세 세:,,,力,4급Ⅱ
受,받을 수(:),,,又,4급Ⅱ
是,이[斯] 시:,옳을 시:,,日,4급Ⅱ
如,같을 여,,,女,4급Ⅱ
謠,노래 요,,,言,4급Ⅱ
稅,세금 세:,,,禾,4급Ⅱ
守,지킬 수,,,宀,4급Ⅱ
息,쉴 식,,,心,4급Ⅱ
逆,거스릴 역,,,辵,4급Ⅱ
容,얼굴 용,,,宀,4급Ⅱ
細,가늘 세:,,,糸,4급Ⅱ
授,줄 수,,,手,4급Ⅱ
申,납[猿] 신,,,田,4급Ⅱ
煙,연기 연,,,火,4급Ⅱ
圓,둥글 원,,,囗,4급Ⅱ
員,인원 원,,,口,4급Ⅱ
益,더할 익,,,皿,4급Ⅱ
接,이을 접,,,手,4급Ⅱ
祭,제사 제:,,,示,4급Ⅱ
衆,무리 중:,,,血,4급Ⅱ
衛,지킬 위,,,行,4급Ⅱ
印,도장 인,,,卩,4급Ⅱ
政,정사(政事) 정,,,攴,4급Ⅱ
鳥,새 조,,,鳥,4급Ⅱ
增,더할 증,,,土,4급Ⅱ
爲,하 위(:),할 위(:),,爪,4급Ⅱ
引,끌 인,,,弓,4급Ⅱ
程,한도 정,길[道] 정,,禾,4급Ⅱ
助,도울 조:,,,力,4급Ⅱ
志,뜻 지,,,心,4급Ⅱ
肉,고기 육,,,肉,4급Ⅱ
認,알[知] 인,,,言,4급Ⅱ
精,정할 정,,,米,4급Ⅱ
早,이를 조:,,,日,4급Ⅱ
指,가리킬 지,,,手,4급Ⅱ
恩,은혜 은,,,心,4급Ⅱ
將,장수 장(:),,,寸,4급Ⅱ
濟,건널 제:,,,水,4급Ⅱ
造,지을 조:,,,辵,4급Ⅱ
支,지탱할 지,,,支,4급Ⅱ
陰,그늘 음,,,阜,4급Ⅱ
障,막을 장,,,阜,4급Ⅱ
提,끌 제,,,手,4급Ⅱ
尊,높을 존,,,寸,4급Ⅱ
至,이를 지,,,至,4급Ⅱ
應,응할 응:,,,心,4급Ⅱ
低,낮을 저:,,,人,4급Ⅱ
制,절제할 제:,,,刀,4급Ⅱ
宗,마루 종,,,宀,4급Ⅱ
職,직분 직,,,耳,4급Ⅱ
議,의논할 의(:),,,言,4급Ⅱ
敵,대적할 적,,,攴,4급Ⅱ
製,지을 제:,,,衣,4급Ⅱ
走,달릴 주,,,走,4급Ⅱ
進,나아갈 진:,,,辵,4급Ⅱ
義,옳을 의:,,,羊,4급Ⅱ
田,밭 전,,,田,4급Ⅱ
除,덜 제,,,阜,4급Ⅱ
竹,대 죽,,,竹,4급Ⅱ
眞,참 진,,,目,4급Ⅱ
移,옮길 이,,,禾,4급Ⅱ
絶,끊을 절,,,糸,4급Ⅱ
際,즈음 제:,가[邊] 제:,,阜,4급Ⅱ
準,준할 준:,,,水,4급Ⅱ
次,버금 차,,,欠,4급Ⅱ
察,살필 찰,,,宀,4급Ⅱ
取,가질 취:,,,又,4급Ⅱ
波,물결 파,,,水,4급Ⅱ
港,항구 항:,,,水,4급Ⅱ
好,좋을 호:,,,女,4급Ⅱ
創,비롯할 창:,,,刀,4급Ⅱ
測,헤아릴 측,,,水,4급Ⅱ
破,깨뜨릴 파:,,,石,4급Ⅱ
解,풀 해:,,,角,4급Ⅱ
戶,집 호:,,,戶,4급Ⅱ
處,곳 처:,,,虍,4급Ⅱ
治,다스릴 치,,,水,4급Ⅱ
砲,대포 포:,,,石,4급Ⅱ
鄕,시골 향,,,邑,4급Ⅱ
護,도울 호:,,,言,4급Ⅱ
請,청할 청,,,言,4급Ⅱ
置,둘[措] 치:,,,网,4급Ⅱ
包,쌀[裹] 포(:),,,勹,4급Ⅱ
香,향기 향,,,香,4급Ⅱ
呼,부를 호,,,口,4급Ⅱ
總,다[皆] 총:,,,糸,4급Ⅱ
齒,이 치,,,齒,4급Ⅱ
布,베 포(:),펼 포(:),보시 보:,巾,4급Ⅱ
虛,빌 허,,,虍,4급Ⅱ
貨,재물 화:,,,貝,4급Ⅱ
銃,총 총,,,金,4급Ⅱ
侵,침노할 침,,,人,4급Ⅱ
暴,사나울 폭,모질 포:,,日,4급Ⅱ
驗,시험 험:,,,馬,4급Ⅱ
確,굳을 확,,,石,4급Ⅱ
築,쌓을 축,,,竹,4급Ⅱ
快,쾌할 쾌,,,心,4급Ⅱ
票,표 표,,,示,4급Ⅱ
賢,어질 현,,,貝,4급Ⅱ
回,돌아올 회,,,囗,4급Ⅱ
蓄,모을 축,,,艸,4급Ⅱ
態,모습 태:,,,心,4급Ⅱ
豊,풍년 풍,,,豆,4급Ⅱ
血,피 혈,,,血,4급Ⅱ
吸,마실 흡,,,口,4급Ⅱ
忠,충성 충,,,心,4급Ⅱ
統,거느릴 통:,,,糸,4급Ⅱ
限,한할 한:,,,阜,4급Ⅱ
協,화할 협,,,十,4급Ⅱ
興,일[盛] 흥(:),,,臼,4급Ⅱ
蟲,벌레 충,,,虫,4급Ⅱ
退,물러날 퇴:,,,辵,4급Ⅱ
航,배 항:,,,舟,4급Ⅱ
惠,은혜 혜:,,,心,4급Ⅱ
希,바랄 희,,,巾,4급Ⅱ
暇,틈 가:,겨를 가:,,日,4급
拒,막을 거:,,,手,4급
驚,놀랄 경,,,馬,4급
孤,외로울 고,,,子,4급
君,임금 군,,,口,4급
刻,새길 각,,,刀,4급
居,살 거,,,尸,4급
更,고칠 경,다시 갱:,,曰,4급
庫,곳집 고,,,广,4급
群,무리 군,,,羊,4급
覺,깨달을 각,,,見,4급
據,근거 거:,,,手,4급
傾,기울 경,,,人,4급
穀,곡식 곡,,,禾,4급
屈,굽힐 굴,,,尸,4급
簡,대쪽 간(:),간략할 간(:),,竹,4급
巨,클 거:,,,工,4급
鏡,거울 경:,,,金,4급
困,곤할 곤:,,,囗,4급
窮,다할 궁,궁할 궁,,穴,4급
看,볼 간,,,目,4급
傑,뛰어날 걸,,,人,4급
階,섬돌 계,,,阜,4급
骨,뼈 골,,,骨,4급
券,문서 권,,,刀,4급
干,방패 간,,,干,4급
儉,검소할 검:,,,人,4급
鷄,닭 계,,,鳥,4급
孔,구멍 공:,,,子,4급
勸,권할 권:,,,力,4급
甘,달 감,,,甘,4급
擊,칠[打] 격,,,手,4급
季,계절 계:,,,子,4급
攻,칠[擊] 공:,,,攴,4급
卷,책 권(:),,,卩,4급
敢,감히 감:,구태여 감:,,攴,4급
激,격할 격,,,水,4급
系,이어맬 계:,,,糸,4급
管,대롱 관,주관할 관,,竹,4급
歸,돌아갈 귀:,,,止,4급
甲,갑옷 갑,,,田,4급
堅,굳을 견,,,土,4급
繼,이을 계:,,,糸,4급
鑛,쇳돌 광:,,,金,4급
均,고를 균,,,土,4급
降,내릴 강:,항복할 항,,阜,4급
犬,개 견,,,犬,4급
戒,경계할 계:,,,戈,4급
構,얽을 구,,,木,4급
劇,심할 극,,,刀,4급
勤,부지런할 근(:),,,力,4급
逃,도망할 도,,,辵,4급
輪,바퀴 륜,,,車,4급
髮,터럭 발,,,髟,4급
粉,가루 분(:),,,米,4급
筋,힘줄 근,,,竹,4급
亂,어지러울 란:,,,乙,4급
離,떠날 리:,,,隹,4급
妨,방해할 방,,,女,4급
憤,분할 분:,,,心,4급
機,틀 기,,,木,4급
卵,알 란:,,,卩,4급
妹,누이 매,,,女,4급
犯,범할 범:,,,犬,4급
批,비평할 비:,,,手,4급
寄,부칠 기,,,宀,4급
覽,볼 람,,,見,4급
勉,힘쓸 면:,,,力,4급
範,법 범:,,,竹,4급
祕,숨길 비:,,,示,4급
奇,기특할 기,,,大,4급
略,간략할 략,약할 략,,田,4급
鳴,울 명,,,鳥,4급
辯,말씀 변:,,,辛,4급
碑,비석 비,,,石,4급
紀,벼리 기,,,糸,4급
糧,양식 량,,,米,4급
模,본뜰 모,,,木,4급
普,넓을 보:,,,日,4급
辭,말씀 사,,,辛,4급
納,들일 납,,,糸,4급
慮,생각할 려:,,,心,4급
墓,무덤 묘:,,,土,4급
伏,엎드릴 복,,,人,4급
私,사사(私事) 사,,,禾,4급
段,층계 단,,,殳,4급
烈,매울 렬,,,火,4급
妙,묘할 묘:,,,女,4급
複,겹칠 복,,,衣,4급
絲,실 사,,,糸,4급
徒,무리 도,,,彳,4급
龍,용 룡,,,龍,4급
舞,춤출 무:,,,舛,4급
否,아닐 부:,,,口,4급
射,쏠 사(:),,,寸,4급
盜,도둑 도(:),,,皿,4급
柳,버들 류(:),,,木,4급
拍,칠 박,,,手,4급
負,질[荷] 부:,,,貝,4급
散,흩을 산:,,,攴,4급
傷,다칠 상,,,人,4급
肅,엄숙할 숙,,,聿,4급
鉛,납 연,,,金,4급
怨,원망할 원(:),,,心,4급
儒,선비 유,,,人,4급
象,코끼리 상,,,豕,4급
崇,높을 숭,,,山,4급
緣,인연 연,,,糸,4급
援,도울 원:,,,手,4급
遺,남길 유,,,辵,4급
宣,베풀 선,,,宀,4급
氏,각시 씨,성씨(姓氏) 씨,,氏,4급
延,늘일 연,,,廴,4급
源,근원 원,,,水,4급
隱,숨을 은,,,阜,4급
舌,혀 설,,,舌,4급
額,이마 액,,,頁,4급
迎,맞을 영,,,辵,4급
圍,에워쌀 위,,,囗,4급
依,의지할 의,,,人,4급
屬,붙일 속,,,尸,4급
樣,모양 양,,,木,4급
映,비칠 영(:),,,日,4급
委,맡길 위,,,女,4급
儀,거동 의,,,人,4급
損,덜 손:,,,手,4급
嚴,엄할 엄,,,口,4급
營,경영할 영,,,火,4급
威,위엄 위,,,女,4급
疑,의심할 의,,,疋,4급
頌,기릴 송:,칭송할 송:,,頁,4급
與,더불 여:,줄 여:,,臼,4급
豫,미리 예:,,,豕,4급
慰,위로할 위,,,心,4급
異,다를 이:,,,田,4급
松,소나무 송,,,木,4급
域,지경 역,,,土,4급
優,넉넉할 우,,,人,4급
危,위태할 위,,,卩,4급
仁,어질 인,,,人,4급
秀,빼어날 수,,,禾,4급
易,바꿀 역,쉬울 이:,,日,4급
遇,만날 우:,,,辵,4급
遊,놀 유,,,辵,4급
資,재물 자,,,貝,4급
叔,아재비 숙,,,又,4급
燃,탈 연,,,火,4급
郵,우편 우,,,邑,4급
乳,젖 유,,,乙,4급
姿,모양 자:,,,女,4급
姉,손윗누이 자,,,女,4급
積,쌓을 적,,,禾,4급
占,점령할 점:,점칠 점,,卜,4급
從,좇을 종(:),,,彳,4급
珍,보배 진,,,玉,4급
殘,남을 잔,,,歹,4급
籍,문서 적,,,竹,4급
靜,고요할 정,,,靑,4급
座,자리 좌:,,,广,4급
盡,다할 진:,,,皿,4급
雜,섞일 잡,,,隹,4급
適,맞을 적,,,辵,4급
丁,고무래 정,장정 정,,一,4급
酒,술 주(:),,,酉,4급
陣,진칠 진,,,阜,4급
獎,장려할 장(:),,,犬,4급
績,길쌈 적,,,糸,4급
整,가지런할 정:,,,攴,4급
朱,붉을 주,,,木,4급
差,다를 차,,,工,4급
裝,꾸밀 장,,,衣,4급
賊,도둑 적,,,貝,4급
帝,임금 제:,,,巾,4급
周,두루 주,,,口,4급
讚,기릴 찬:,,,言,4급
腸,창자 장,,,肉,4급
專,오로지 전,,,寸,4급
條,가지 조,,,木,4급
證,증거 증,,,言,4급
採,캘 채:,,,手,4급
張,베풀 장,,,弓,4급
轉,구를 전:,,,車,4급
潮,밀물 조,조수 조,,水,4급
持,가질 지,,,手,4급
冊,책 책,,,冂,4급
壯,장할 장:,,,士,4급
錢,돈 전:,,,金,4급
組,짤 조,,,糸,4급
智,슬기 지,지혜 지,,日,4급
泉,샘 천,,,水,4급
帳,장막 장,,,巾,4급
折,꺾을 절,,,手,4급
存,있을 존,,,子,4급
誌,기록할 지,,,言,4급
聽,들을 청,,,耳,4급
底,밑 저:,,,广,4급
點,점 점(:),,,黑,4급
鍾,쇠북 종,,,金,4급
織,짤 직,,,糸,4급
廳,관청 청,,,广,4급
招,부를 초,,,手,4급
彈,탄알 탄:,,,弓,4급
篇,책 편,,,竹,4급
抗,겨룰 항:,,,手,4급
紅,붉을 홍,,,糸,4급
推,밀 추,,,手,4급
脫,벗을 탈,,,肉,4급
評,평할 평:,,,言,4급
核,씨 핵,,,木,4급
華,빛날 화,,,艸,4급
縮,줄일 축,,,糸,4급
探,찾을 탐,,,手,4급
閉,닫을 폐:,,,門,4급
憲,법 헌:,,,心,4급
歡,기쁠 환,,,欠,4급
就,나아갈 취:,,,尢,4급
擇,가릴 택,,,手,4급
胞,세포 포(:),,,肉,4급
險,험할 험:,,,阜,4급
環,고리 환(:),,,玉,4급
趣,뜻 취:,,,走,4급
討,칠 토(:),,,言,4급
爆,불터질 폭,,,火,4급
革,가죽 혁,,,革,4급
況,상황 황:,,,水,4급
層,층[層階] 층,,,尸,4급
痛,아플 통:,,,疒,4급
標,표할 표,,,木,4급
顯,나타날 현:,,,頁,4급
灰,재 회,,,火,4급
寢,잘 침:,,,宀,4급
投,던질 투,,,手,4급
疲,피곤할 피,,,疒,4급
刑,형벌 형,,,刀,4급
厚,두터울 후:,,,厂,4급
針,바늘 침(:),,,金,4급
鬪,싸움 투,,,鬥,4급
避,피할 피:,,,辵,4급
或,혹 혹,,,戈,4급
候,기후 후:,,,人,4급
稱,일컬을 칭,,,禾,4급
派,갈래 파,,,水,4급
閑,한가할 한,,,門,4급
婚,혼인할 혼,,,女,4급
揮,휘두를 휘,,,手,4급
歎,탄식할 탄:,,,欠,4급
判,판단할 판,,,刀,4급
恨,한[怨] 한:,,,心,4급
混,섞을 혼:,,,水,4급
喜,기쁠 희,,,口,4급
佳,아름다울 가:,,,人,3급Ⅱ
綱,벼리 강,,,糸,3급Ⅱ
兼,겸할 겸,,,八,3급Ⅱ
械,기계 계:,,,木,3급Ⅱ
誇,자랑할 과:,,,言,3급Ⅱ
架,시렁 가:,,,木,3급Ⅱ
鋼,강철 강,,,金,3급Ⅱ
謙,겸손할 겸,,,言,3급Ⅱ
姑,시어미 고,,,女,3급Ⅱ
寡,적을 과:,,,宀,3급Ⅱ
脚,다리 각,,,肉,3급Ⅱ
槪,대개 개:,,,木,3급Ⅱ
頃,이랑 경,잠깐 경,,頁,3급Ⅱ
稿,원고 고,볏짚 고,,禾,3급Ⅱ
寬,너그러울 관,,,宀,3급Ⅱ
閣,집 각,,,門,3급Ⅱ
介,낄 개:,,,人,3급Ⅱ
徑,지름길 경,길 경,,彳,3급Ⅱ
鼓,북 고,,,鼓,3급Ⅱ
貫,꿸 관(:),,,貝,3급Ⅱ
刊,새길 간,,,刀,3급Ⅱ
蓋,덮을 개(:),,,艸,3급Ⅱ
硬,굳을 경,,,石,3급Ⅱ
哭,울 곡,,,口,3급Ⅱ
館,집 관,,,食,3급Ⅱ
幹,줄기 간,,,干,3급Ⅱ
距,상거(相距)할 거:,,,足,3급Ⅱ
耕,밭갈[犁田] 경,,,耒,3급Ⅱ
谷,골 곡,,,谷,3급Ⅱ
慣,익숙할 관,,,心,3급Ⅱ
懇,간절할 간:,,,心,3급Ⅱ
乾,하늘 건,마를 건,,乙,3급Ⅱ
契,맺을 계:,,,大,3급Ⅱ
貢,바칠 공:,,,貝,3급Ⅱ
冠,갓 관,,,冖,3급Ⅱ
肝,간 간(:),,,肉,3급Ⅱ
劍,칼 검:,,,刀,3급Ⅱ
桂,계수나무 계:,,,木,3급Ⅱ
供,이바지할 공:,,,人,3급Ⅱ
狂,미칠 광,,,犬,3급Ⅱ
鑑,거울 감,,,金,3급Ⅱ
隔,사이뜰 격,,,阜,3급Ⅱ
啓,열 계:,,,口,3급Ⅱ
恐,두려울 공(:),,,心,3급Ⅱ
壞,무너질 괴:,,,土,3급Ⅱ
剛,굳셀 강,,,刀,3급Ⅱ
訣,이별할 결,,,言,3급Ⅱ
溪,시내 계,,,水,3급Ⅱ
恭,공손할 공,,,心,3급Ⅱ
怪,괴이할 괴(:),,,心,3급Ⅱ
巧,공교할 교,,,工,3급Ⅱ
克,이길 극,,,儿,3급Ⅱ
緊,긴할 긴,,,糸,3급Ⅱ
但,다만 단:,,,人,3급Ⅱ
倒,넘어질 도:,,,人,3급Ⅱ
較,견줄 교,비교할 교,,車,3급Ⅱ
禽,새 금,,,禸,3급Ⅱ
諾,허락할 낙,,,言,3급Ⅱ
丹,붉을 단,,,丶,3급Ⅱ
陶,질그릇 도,,,阜,3급Ⅱ
久,오랠 구:,,,丿,3급Ⅱ
錦,비단 금:,,,金,3급Ⅱ
娘,계집 낭,,,女,3급Ⅱ
淡,맑을 담,,,水,3급Ⅱ
途,길[行中] 도:,,,辵,3급Ⅱ
拘,잡을 구,,,手,3급Ⅱ
琴,거문고 금,,,玉,3급Ⅱ
耐,견딜 내:,,,而,3급Ⅱ
踏,밟을 답,,,足,3급Ⅱ
刀,칼 도,,,刀,3급Ⅱ
丘,언덕 구,,,一,3급Ⅱ
及,미칠 급,,,又,3급Ⅱ
寧,편안 녕,,,宀,3급Ⅱ
糖,엿 당,,,米,3급Ⅱ
突,갑자기 돌,,,穴,3급Ⅱ
菊,국화 국,,,艸,3급Ⅱ
騎,말탈 기,,,馬,3급Ⅱ
奴,종 노,,,女,3급Ⅱ
唐,당나라 당(:),당황할 당(:),,口,3급Ⅱ
凍,얼 동:,,,冫,3급Ⅱ
弓,활 궁,,,弓,3급Ⅱ
祈,빌 기,,,示,3급Ⅱ
腦,골 뇌,뇌수 뇌,,肉,3급Ⅱ
臺,대 대,,,至,3급Ⅱ
絡,이을 락,얽을 락,,糸,3급Ⅱ
拳,주먹 권:,,,手,3급Ⅱ
畿,경기(京畿) 기,,,田,3급Ⅱ
泥,진흙 니,,,水,3급Ⅱ
貸,빌릴 대:,뀔 대:,,貝,3급Ⅱ
欄,난간 란,,,木,3급Ⅱ
鬼,귀신 귀:,,,鬼,3급Ⅱ
其,그 기,,,八,3급Ⅱ
茶,차 다,차 차,,艸,3급Ⅱ
渡,건널 도,,,水,3급Ⅱ
蘭,난초 란,,,艸,3급Ⅱ
菌,버섯 균,,,艸,3급Ⅱ
企,꾀할 기,,,人,3급Ⅱ
旦,아침 단,,,日,3급Ⅱ
桃,복숭아 도,,,木,3급Ⅱ
浪,물결 랑(:),,,水,3급Ⅱ
廊,사랑채 랑,행랑 랑,,广,3급Ⅱ
裂,찢어질 렬,,,衣,3급Ⅱ
樓,다락 루,,,木,3급Ⅱ
臨,임할 림,,,臣,3급Ⅱ
麥,보리 맥,,,麥,3급Ⅱ
郞,사내 랑,,,邑,3급Ⅱ
靈,신령 령,,,雨,3급Ⅱ
累,여러 루:,자주 루:,,糸,3급Ⅱ
磨,갈 마,,,石,3급Ⅱ
孟,맏 맹(:),,,子,3급Ⅱ
涼,서늘할 량,,,水,3급Ⅱ
嶺,고개 령,,,山,3급Ⅱ
倫,인륜 륜,,,人,3급Ⅱ
麻,삼 마(:),,,麻,3급Ⅱ
猛,사나울 맹:,,,犬,3급Ⅱ
梁,들보 량,돌다리 량,,木,3급Ⅱ
露,이슬 로(:),,,雨,3급Ⅱ
率,비율 률,거느릴 솔,,玄,3급Ⅱ
漠,넓을 막,,,水,3급Ⅱ
盲,소경 맹,눈멀 맹,,目,3급Ⅱ
勵,힘쓸 려:,,,力,3급Ⅱ
爐,화로 로,,,火,3급Ⅱ
栗,밤 률,,,木,3급Ⅱ
莫,없을 막,,,艸,3급Ⅱ
盟,맹세 맹,,,皿,3급Ⅱ
曆,책력 력,,,日,3급Ⅱ
祿,녹 록,,,示,3급Ⅱ
隆,높을 륭,,,阜,3급Ⅱ
幕,장막 막,,,巾,3급Ⅱ
眠,잘 면,,,目,3급Ⅱ
鍊,쇠불릴 련:,단련할 련:,,金,3급Ⅱ
弄,희롱할 롱:,,,廾,3급Ⅱ
陵,언덕 릉,,,阜,3급Ⅱ
晩,늦을 만:,,,日,3급Ⅱ
綿,솜 면,,,糸,3급Ⅱ
蓮,연꽃 련,,,艸,3급Ⅱ
賴,의뢰할 뢰:,,,貝,3급Ⅱ
吏,벼슬아치 리:,관리 리:,,口,3급Ⅱ
妄,망령될 망:,,,女,3급Ⅱ
免,면할 면:,,,儿,3급Ⅱ
聯,연이을 련,,,耳,3급Ⅱ
雷,우레 뢰,,,雨,3급Ⅱ
履,밟을 리:,,,尸,3급Ⅱ
媒,중매 매,,,女,3급Ⅱ
滅,꺼질 멸,멸할 멸,,水,3급Ⅱ
戀,그리워할 련:,그릴 련:,,心,3급Ⅱ
漏,샐 루:,,,水,3급Ⅱ
裏,속 리:,,,衣,3급Ⅱ
梅,매화 매,,,木,3급Ⅱ
銘,새길 명,,,金,3급Ⅱ
謀,꾀 모,,,言,3급Ⅱ
默,잠잠할 묵,,,黑,3급Ⅱ
拔,뽑을 발,,,手,3급Ⅱ
譜,족보 보:,,,言,3급Ⅱ
浮,뜰 부,,,水,3급Ⅱ
貌,모양 모,,,豸,3급Ⅱ
紋,무늬 문,,,糸,3급Ⅱ
芳,꽃다울 방,,,艸,3급Ⅱ
補,기울 보:,,,衣,3급Ⅱ
賦,부세 부:,,,貝,3급Ⅱ
慕,그릴 모:,,,心,3급Ⅱ
勿,말[禁] 물,,,勹,3급Ⅱ
輩,무리 배:,,,車,3급Ⅱ
覆,덮을 부,다시 복,,襾,3급Ⅱ
腐,썩을 부:,,,肉,3급Ⅱ
睦,화목할 목,,,目,3급Ⅱ
微,작을 미,,,彳,3급Ⅱ
培,북돋울 배:,,,土,3급Ⅱ
腹,배 복,,,肉,3급Ⅱ
附,붙을 부(:),,,阜,3급Ⅱ
沒,빠질 몰,,,水,3급Ⅱ
尾,꼬리 미:,,,尸,3급Ⅱ
排,밀칠 배,,,手,3급Ⅱ
鳳,봉새 봉:,,,鳥,3급Ⅱ
簿,문서 부:,,,竹,3급Ⅱ
蒙,어두울 몽,,,艸,3급Ⅱ
迫,핍박할 박,,,辵,3급Ⅱ
伯,맏 백,,,人,3급Ⅱ
封,봉할 봉,,,寸,3급Ⅱ
扶,도울 부,,,手,3급Ⅱ
夢,꿈 몽,,,夕,3급Ⅱ
薄,엷을 박,,,艸,3급Ⅱ
繁,번성할 번,,,糸,3급Ⅱ
峯,봉우리 봉,,,山,3급Ⅱ
奔,달릴 분,,,大,3급Ⅱ
貿,무역할 무:,,,貝,3급Ⅱ
般,가지 반,일반 반,,舟,3급Ⅱ
凡,무릇 범(:),,,几,3급Ⅱ
逢,만날 봉,,,辵,3급Ⅱ
奮,떨칠 분:,,,大,3급Ⅱ
茂,무성할 무:,,,艸,3급Ⅱ
盤,소반 반,,,皿,3급Ⅱ
碧,푸를 벽,,,石,3급Ⅱ
符,부호 부(:),,,竹,3급Ⅱ
紛,어지러울 분,,,糸,3급Ⅱ
墨,먹 묵,,,土,3급Ⅱ
飯,밥 반,,,食,3급Ⅱ
丙,남녘 병:,,,一,3급Ⅱ
付,부칠 부:,,,人,3급Ⅱ
拂,떨칠 불,,,手,3급Ⅱ
妃,왕비 비,,,女,3급Ⅱ
祀,제사 사,,,示,3급Ⅱ
償,갚을 상,,,人,3급Ⅱ
旋,돌[廻] 선,,,方,3급Ⅱ
壽,목숨 수,,,士,3급Ⅱ
婢,계집종 비:,,,女,3급Ⅱ
削,깎을 삭,,,刀,3급Ⅱ
索,찾을 색,노[새끼줄] 삭,,糸,3급Ⅱ
訴,호소할 소,,,言,3급Ⅱ
帥,장수 수,,,巾,3급Ⅱ
肥,살찔 비:,,,肉,3급Ⅱ
森,수풀 삼,,,木,3급Ⅱ
塞,막힐 색,변방 새,,土,3급Ⅱ
燒,사를 소(:),,,火,3급Ⅱ
殊,다를 수,,,歹,3급Ⅱ
卑,낮을 비:,,,十,3급Ⅱ
霜,서리 상,,,雨,3급Ⅱ
恕,용서할 서:,,,心,3급Ⅱ
疏,소통할 소,,,疋,3급Ⅱ
輸,보낼 수,,,車,3급Ⅱ
邪,간사할 사,,,邑,3급Ⅱ
裳,치마 상,,,衣,3급Ⅱ
緖,실마리 서:,,,糸,3급Ⅱ
蘇,되살아날 소,,,艸,3급Ⅱ
隨,따를 수,,,阜,3급Ⅱ
沙,모래 사,,,水,3급Ⅱ
桑,뽕나무 상,,,木,3급Ⅱ
徐,천천할 서(:),,,彳,3급Ⅱ
訟,송사할 송:,,,言,3급Ⅱ
需,쓰일 수,쓸 수,,雨,3급Ⅱ
司,맡을 사,,,口,3급Ⅱ
喪,잃을 상(:),,,口,3급Ⅱ
署,마을[官廳] 서:,,,网,3급Ⅱ
鎖,쇠사슬 쇄:,,,金,3급Ⅱ
垂,드리울 수,,,土,3급Ⅱ
蛇,긴뱀 사,,,虫,3급Ⅱ
詳,자세할 상,,,言,3급Ⅱ
惜,아낄 석,,,心,3급Ⅱ
刷,인쇄할 쇄:,,,刀,3급Ⅱ
獸,짐승 수,,,犬,3급Ⅱ
斜,비낄 사,,,斗,3급Ⅱ
尙,오히려 상(:),,,小,3급Ⅱ
釋,풀 석,,,釆,3급Ⅱ
衰,쇠할 쇠,,,衣,3급Ⅱ
淑,맑을 숙,,,水,3급Ⅱ
詞,말 사,글 사,,言,3급Ⅱ
像,모양 상,,,人,3급Ⅱ
禪,선 선,,,示,3급Ⅱ
愁,근심 수,,,心,3급Ⅱ
熟,익을 숙,,,火,3급Ⅱ
旬,열흘 순,,,日,3급Ⅱ
侍,모실 시:,,,人,3급Ⅱ
芽,싹 아,,,艸,3급Ⅱ
壤,흙덩이 양:,,,土,3급Ⅱ
沿,물따라갈 연(:),따를 연(:),,水,3급Ⅱ
瞬,눈깜짝일 순,,,目,3급Ⅱ
飾,꾸밀 식,,,食,3급Ⅱ
牙,어금니 아,,,牙,3급Ⅱ
揚,날릴 양,,,手,3급Ⅱ
軟,연할 연:,,,車,3급Ⅱ
巡,돌[廻] 순,순행할 순,,巛,3급Ⅱ
愼,삼갈 신:,,,心,3급Ⅱ
顔,낯 안:,,,頁,3급Ⅱ
御,거느릴 어:,,,彳,3급Ⅱ
宴,잔치 연:,,,宀,3급Ⅱ
述,펼 술,,,辵,3급Ⅱ
甚,심할 심:,,,甘,3급Ⅱ
岸,언덕 안:,,,山,3급Ⅱ
憶,생각할 억,,,心,3급Ⅱ
燕,제비 연(:),,,火,3급Ⅱ
濕,젖을 습,,,水,3급Ⅱ
審,살필 심(:),,,宀,3급Ⅱ
巖,바위 암,,,山,3급Ⅱ
抑,누를 억,,,手,3급Ⅱ
悅,기쁠 열,,,心,3급Ⅱ
拾,주울 습,열 십,,手,3급Ⅱ
雙,두 쌍,쌍 쌍,,隹,3급Ⅱ
仰,우러를 앙:,,,人,3급Ⅱ
疫,전염병 역,,,疒,3급Ⅱ
染,물들 염:,,,木,3급Ⅱ
襲,엄습할 습,,,衣,3급Ⅱ
雅,맑을 아(:),,,隹,3급Ⅱ
央,가운데 앙,,,大,3급Ⅱ
亦,또 역,,,亠,3급Ⅱ
鹽,소금 염,,,鹵,3급Ⅱ
乘,탈 승,,,丿,3급Ⅱ
我,나 아:,,,戈,3급Ⅱ
哀,슬플 애,,,口,3급Ⅱ
役,부릴 역,,,彳,3급Ⅱ
炎,불꽃 염,,,火,3급Ⅱ
昇,오를 승,,,日,3급Ⅱ
阿,언덕 아,,,阜,3급Ⅱ
若,같을 약,반야 야,,艸,3급Ⅱ
譯,번역할 역,,,言,3급Ⅱ
影,그림자 영:,,,彡,3급Ⅱ
僧,중 승,,,人,3급Ⅱ
亞,버금 아(:),,,二,3급Ⅱ
讓,사양할 양:,,,言,3급Ⅱ
驛,역 역,,,馬,3급Ⅱ
譽,기릴 예:,명예 예:,,言,3급Ⅱ
烏,까마귀 오,,,火,3급Ⅱ
宇,집 우:,,,宀,3급Ⅱ
幼,어릴 유,,,幺,3급Ⅱ
翼,날개 익,,,羽,3급Ⅱ
莊,씩씩할 장,,,艸,3급Ⅱ
悟,깨달을 오:,,,心,3급Ⅱ
愚,어리석을 우,,,心,3급Ⅱ
柔,부드러울 유,,,木,3급Ⅱ
忍,참을 인,,,心,3급Ⅱ
葬,장사지낼 장:,,,艸,3급Ⅱ
獄,옥[囚舍] 옥,,,犬,3급Ⅱ
羽,깃 우:,,,羽,3급Ⅱ
維,벼리 유,,,糸,3급Ⅱ
逸,편안할 일,,,辵,3급Ⅱ
臟,오장 장:,,,肉,3급Ⅱ
瓦,기와 와:,,,瓦,3급Ⅱ
韻,운 운:,,,音,3급Ⅱ
裕,넉넉할 유:,,,衣,3급Ⅱ
壬,북방 임:,,,士,3급Ⅱ
粧,단장할 장,,,米,3급Ⅱ
緩,느릴 완:,,,糸,3급Ⅱ
越,넘을 월,,,走,3급Ⅱ
誘,꾈 유,,,言,3급Ⅱ
賃,품삯 임:,,,貝,3급Ⅱ
掌,손바닥 장:,,,手,3급Ⅱ
慾,욕심 욕,,,心,3급Ⅱ
胃,밥통 위,,,肉,3급Ⅱ
悠,멀 유,,,心,3급Ⅱ
紫,자줏빛 자,,,糸,3급Ⅱ
丈,어른 장:,,,一,3급Ⅱ
欲,하고자할 욕,,,欠,3급Ⅱ
僞,거짓 위,,,人,3급Ⅱ
潤,불을 윤:,,,水,3급Ⅱ
慈,사랑 자,,,心,3급Ⅱ
藏,감출 장:,,,艸,3급Ⅱ
辱,욕될 욕,,,辰,3급Ⅱ
謂,이를 위,,,言,3급Ⅱ
乙,새 을,,,乙,3급Ⅱ
刺,찌를 자:,찌를 척,,刀,3급Ⅱ
栽,심을 재:,,,木,3급Ⅱ
憂,근심 우,,,心,3급Ⅱ
猶,오히려 유,,,犬,3급Ⅱ
淫,음란할 음,,,水,3급Ⅱ
暫,잠깐 잠(:),,,日,3급Ⅱ
裁,옷마를 재,,,衣,3급Ⅱ
偶,짝 우:,,,人,3급Ⅱ
幽,그윽할 유,,,幺,3급Ⅱ
已,이미 이:,,,己,3급Ⅱ
潛,잠길 잠,,,水,3급Ⅱ
載,실을 재:,,,車,3급Ⅱ
著,나타날 저:,,,艸,3급Ⅱ
頂,정수리 정,,,頁,3급Ⅱ
兆,억조 조,,,儿,3급Ⅱ
仲,버금 중(:),,,人,3급Ⅱ
震,우레 진:,,,雨,3급Ⅱ
抵,막을[抗] 저:,,,手,3급Ⅱ
井,우물 정(:),,,二,3급Ⅱ
縱,세로 종,,,糸,3급Ⅱ
卽,곧 즉,,,卩,3급Ⅱ
鎭,진압할 진(:),,,金,3급Ⅱ
跡,발자취 적,,,足,3급Ⅱ
亭,정자 정,,,亠,3급Ⅱ
坐,앉을 좌:,,,土,3급Ⅱ
憎,미울 증,,,心,3급Ⅱ
辰,별 진,때 신,,辰,3급Ⅱ
寂,고요할 적,,,宀,3급Ⅱ
廷,조정 정,,,廴,3급Ⅱ
柱,기둥 주,,,木,3급Ⅱ
曾,일찍 증,,,曰,3급Ⅱ
振,떨칠 진:,,,手,3급Ⅱ
笛,피리 적,,,竹,3급Ⅱ
貞,곧을 정,,,貝,3급Ⅱ
珠,구슬 주,,,玉,3급Ⅱ
症,증세 증(:),,,疒,3급Ⅱ
疾,병 질,,,疒,3급Ⅱ
摘,딸[手收] 적,,,手,3급Ⅱ
征,칠 정,,,彳,3급Ⅱ
株,그루 주,,,木,3급Ⅱ
蒸,찔 증,,,艸,3급Ⅱ
秩,차례 질,,,禾,3급Ⅱ
蹟,자취 적,,,足,3급Ⅱ
諸,모두 제,,,言,3급Ⅱ
奏,아뢸 주(:),,,大,3급Ⅱ
之,갈 지,,,丿,3급Ⅱ
執,잡을 집,,,土,3급Ⅱ
殿,전각 전:,,,殳,3급Ⅱ
齊,가지런할 제,,,齊,3급Ⅱ
洲,물가 주,,,水,3급Ⅱ
池,못 지,,,水,3급Ⅱ
徵,부를 징,,,彳,3급Ⅱ
漸,점점 점:,,,水,3급Ⅱ
租,조세 조,,,禾,3급Ⅱ
鑄,쇠불릴 주,,,金,3급Ⅱ
枝,가지 지,,,木,3급Ⅱ
此,이 차,,,止,3급Ⅱ
淨,깨끗할 정,,,水,3급Ⅱ
照,비칠 조:,,,火,3급Ⅱ
宙,집 주:,,,宀,3급Ⅱ
陳,베풀 진:,묵을 진,,阜,3급Ⅱ
借,빌 차:,빌릴 차:,,人,3급Ⅱ
錯,어긋날 착,,,金,3급Ⅱ
尺,자 척,,,尸,3급Ⅱ
超,뛰어넘을 초,,,走,3급Ⅱ
醉,취할 취:,,,酉,3급Ⅱ
湯,끓을 탕:,,,水,3급Ⅱ
贊,도울 찬:,,,貝,3급Ⅱ
戚,친척 척,,,戈,3급Ⅱ
肖,닮을 초,같을 초,,肉,3급Ⅱ
側,곁 측,,,人,3급Ⅱ
殆,거의 태,,,歹,3급Ⅱ
昌,창성할 창(:),,,日,3급Ⅱ
拓,넓힐 척,,,手,3급Ⅱ
礎,주춧돌 초,,,石,3급Ⅱ
値,값 치,,,人,3급Ⅱ
泰,클 태,,,水,3급Ⅱ
蒼,푸를 창,,,艸,3급Ⅱ
踐,밟을 천:,,,足,3급Ⅱ
觸,닿을 촉,,,角,3급Ⅱ
恥,부끄러울 치,,,心,3급Ⅱ
澤,못 택,,,水,3급Ⅱ
倉,곳집 창(:),,,人,3급Ⅱ
賤,천할 천:,,,貝,3급Ⅱ
促,재촉할 촉,,,人,3급Ⅱ
稚,어릴 치,,,禾,3급Ⅱ
吐,토할 토(:),,,口,3급Ⅱ
債,빚 채:,,,人,3급Ⅱ
淺,얕을 천:,,,水,3급Ⅱ
催,재촉할 최:,,,人,3급Ⅱ
漆,옻 칠,,,水,3급Ⅱ
兔,토끼 토,,,儿,3급Ⅱ
彩,채색 채:,,,彡,3급Ⅱ
遷,옮길 천:,,,辵,3급Ⅱ
追,쫓을 추,따를 추,,辵,3급Ⅱ
浸,잠길 침:,,,水,3급Ⅱ
透,사무칠 투,,,辵,3급Ⅱ
菜,나물 채:,,,艸,3급Ⅱ
哲,밝을 철,,,口,3급Ⅱ
畜,짐승 축,,,田,3급Ⅱ
沈,잠길 침(:),성(姓) 심:,,水,3급Ⅱ
版,판목 판,,,片,3급Ⅱ
策,꾀 책,,,竹,3급Ⅱ
徹,통할 철,,,彳,3급Ⅱ
衝,찌를 충,,,行,3급Ⅱ
奪,빼앗을 탈,,,大,3급Ⅱ
編,엮을 편,,,糸,3급Ⅱ
妻,아내 처,,,女,3급Ⅱ
滯,막힐 체,,,水,3급Ⅱ
吹,불 취:,,,口,3급Ⅱ
塔,탑 탑,,,土,3급Ⅱ
片,조각 편(:),,,片,3급Ⅱ
偏,치우칠 편,,,人,3급Ⅱ
畢,마칠 필,,,田,3급Ⅱ
項,항목 항:,,,頁,3급Ⅱ
豪,호걸 호,,,豕,3급Ⅱ
皇,임금 황,,,白,3급Ⅱ
肺,허파 폐:,,,肉,3급Ⅱ
荷,멜 하(:),,,艸,3급Ⅱ
響,울릴 향:,,,音,3급Ⅱ
胡,되[狄] 호,,,肉,3급Ⅱ
荒,거칠 황,,,艸,3급Ⅱ
廢,폐할 폐:,버릴 폐:,,广,3급Ⅱ
賀,하례할 하:,,,貝,3급Ⅱ
獻,드릴 헌:,,,犬,3급Ⅱ
虎,범 호(:),,,虍,3급Ⅱ
懷,품을 회,,,心,3급Ⅱ
弊,폐단 폐:,해질 폐:,,廾,3급Ⅱ
何,어찌 하,,,人,3급Ⅱ
懸,달[繫] 현:,,,心,3급Ⅱ
惑,미혹할 혹,,,心,3급Ⅱ
悔,뉘우칠 회:,,,心,3급Ⅱ
捕,잡을 포:,,,手,3급Ⅱ
鶴,학 학,,,鳥,3급Ⅱ
玄,검을 현,,,玄,3급Ⅱ
魂,넋 혼,,,鬼,3급Ⅱ
獲,얻을 획,,,犬,3급Ⅱ
浦,개[水邊] 포,,,水,3급Ⅱ
汗,땀 한(:),,,水,3급Ⅱ
穴,굴 혈,,,穴,3급Ⅱ
忽,갑자기 홀,,,心,3급Ⅱ
劃,그을 획,,,刀,3급Ⅱ
楓,단풍 풍,,,木,3급Ⅱ
割,벨 할,,,刀,3급Ⅱ
脅,위협할 협,,,肉,3급Ⅱ
洪,넓을 홍,,,水,3급Ⅱ
橫,가로 횡,,,木,3급Ⅱ
被,입을 피:,,,衣,3급Ⅱ
含,머금을 함,,,口,3급Ⅱ
衡,저울대 형,,,行,3급Ⅱ
禍,재앙 화:,,,示,3급Ⅱ
胸,가슴 흉,,,肉,3급Ⅱ
皮,가죽 피,,,皮,3급Ⅱ
陷,빠질 함:,,,阜,3급Ⅱ
慧,슬기로울 혜:,,,心,3급Ⅱ
還,돌아올 환,,,辵,3급Ⅱ
稀,드물 희,,,禾,3급Ⅱ
彼,저 피:,,,彳,3급Ⅱ
恒,항상 항,,,心,3급Ⅱ
浩,넓을 호:,,,水,3급Ⅱ
換,바꿀 환:,,,手,3급Ⅱ
戲,놀이 희,,,戈,3급Ⅱ
却,물리칠 각,,,卩,3급
卿,벼슬 경,,,卩,3급
塊,흙덩이 괴,,,土,3급
厥,그[其] 궐,,,厂,3급
棄,버릴 기,,,木,3급
姦,간음할 간:,,,女,3급
庚,별 경,,,广,3급
愧,부끄러울 괴:,,,心,3급
軌,바퀴자국 궤:,,,車,3급
欺,속일 기,,,欠,3급
渴,목마를 갈,,,水,3급
竟,마침내 경:,,,立,3급
郊,들[野] 교,,,邑,3급
糾,얽힐 규,,,糸,3급
飢,주릴 기,,,食,3급
皆,다[總] 개,,,白,3급
繫,맬 계:,,,糸,3급
矯,바로잡을 교:,,,矢,3급
叫,부르짖을 규,,,口,3급
豈,어찌 기,,,豆,3급
慨,슬퍼할 개:,,,心,3급
癸,북방 계:,천간 계:,,癶,3급
俱,함께 구,,,人,3급
僅,겨우 근:,,,人,3급
幾,몇 기,,,幺,3급
乞,빌 걸,,,乙,3급
顧,돌아볼 고,,,頁,3급
龜,거북 구,거북 귀,터질 균,龜,3급
謹,삼갈 근:,,,言,3급
那,어찌 나:,,,邑,3급
遣,보낼 견:,,,辵,3급
枯,마를 고,,,木,3급
驅,몰 구,,,馬,3급
斤,근[무게단위] 근,날[刃] 근,,斤,3급
奈,어찌 내,,,大,3급
肩,어깨 견,,,肉,3급
坤,따 곤,,,土,3급
苟,진실로 구,구차할 구,,艸,3급
肯,즐길 긍:,,,肉,3급
乃,이에 내:,,,丿,3급
絹,비단 견,,,糸,3급
郭,둘레 곽,외성 곽,,邑,3급
懼,두려워할 구,,,心,3급
旣,이미 기,,,无,3급
惱,번뇌할 뇌,,,心,3급
牽,이끌 견,끌 견,,牛,3급
掛,걸[懸] 괘,,,手,3급
狗,개 구,,,犬,3급
忌,꺼릴 기,,,心,3급
畓,논 답,,,田,3급
跳,뛸 도,,,足,3급
濫,넘칠 람:,,,水,3급
僚,동료 료,,,人,3급
忙,바쁠 망,,,心,3급
廟,사당 묘:,,,广,3급
挑,돋울 도,,,手,3급
掠,노략질할 략,,,手,3급
了,마칠 료:,,,亅,3급
罔,없을 망,,,网,3급
苗,모 묘:,,,艸,3급
塗,칠할 도,,,土,3급
諒,살펴알 량,믿을 량,,言,3급
淚,눈물 루:,,,水,3급
埋,묻을 매,,,土,3급
戊,천간 무:,,,戈,3급
稻,벼 도,,,禾,3급
憐,불쌍히여길 련,,,心,3급
屢,여러 루:,,,尸,3급
冥,어두울 명,,,冖,3급
霧,안개 무:,,,雨,3급
篤,도타울 독,,,竹,3급
劣,못할 렬,,,力,3급
梨,배 리,,,木,3급
某,아무 모:,,,木,3급
迷,미혹할 미(:),,,辵,3급
敦,도타울 돈,,,攴,3급
廉,청렴할 렴,,,广,3급
隣,이웃 린,,,阜,3급
暮,저물 모:,,,日,3급
眉,눈썹 미,,,目,3급
豚,돼지 돈,,,豕,3급
獵,사냥 렵,,,犬,3급
慢,거만할 만:,,,心,3급
募,모을 모,뽑을 모,,力,3급
敏,민첩할 민,,,攴,3급
屯,진칠 둔,,,屮,3급
零,떨어질 령,영[數字] 령,,雨,3급
漫,흩어질 만:,,,水,3급
冒,무릅쓸 모,,,冂,3급
憫,민망할 민,,,心,3급
鈍,둔할 둔:,,,金,3급
隷,종 례:,,,隶,3급
忘,잊을 망,,,心,3급
侮,업신여길 모(:),,,人,3급
蜜,꿀 밀,,,虫,3급
騰,오를 등,,,馬,3급
鹿,사슴 록,,,鹿,3급
茫,아득할 망,,,艸,3급
卯,토끼 묘:,,,卩,3급
泊,머무를 박,배댈 박,,水,3급
伴,짝 반:,,,人,3급
竝,나란히 병:,,,立,3급
聘,부를 빙,,,耳,3급
暑,더울 서:,,,日,3급
昭,밝을 소,,,日,3급
叛,배반할 반:,,,又,3급
屛,병풍 병(:),,,尸,3급
巳,뱀 사:,,,己,3급
敍,펼 서:,,,攴,3급
蔬,나물 소,,,艸,3급
返,돌이킬 반:,,,辵,3급
卜,점 복,,,卜,3급
捨,버릴 사:,,,手,3급
逝,갈[往] 서:,,,辵,3급
騷,떠들 소,,,馬,3급
倣,본뜰 방,,,人,3급
蜂,벌 봉,,,虫,3급
斯,이 사,,,斤,3급
庶,여러 서:,,,广,3급
粟,조 속,,,米,3급
傍,곁 방:,,,人,3급
赴,다다를[趨而至] 부:,갈[趨] 부:,,走,3급
詐,속일 사,,,言,3급
誓,맹세할 서:,,,言,3급
誦,욀 송:,,,言,3급
邦,나라 방,,,邑,3급
墳,무덤 분,,,土,3급
賜,줄 사:,,,貝,3급
昔,예[古] 석,,,日,3급
睡,졸음 수,,,目,3급
杯,잔 배,,,木,3급
崩,무너질 붕,,,山,3급
似,닮을 사:,,,人,3급
析,쪼갤 석,,,木,3급
須,모름지기 수,,,頁,3급
飜,번역할 번,,,飛,3급
朋,벗 붕,,,月,3급
朔,초하루 삭,,,月,3급
攝,다스릴 섭,잡을 섭,,手,3급
雖,비록 수,,,隹,3급
煩,번거로울 번,,,火,3급
賓,손 빈,,,貝,3급
祥,상서 상,,,示,3급
涉,건널 섭,,,水,3급
誰,누구 수,,,言,3급
辨,분별할 변:,,,辛,3급
頻,자주 빈,,,頁,3급
嘗,맛볼 상,,,口,3급
召,부를 소,,,口,3급
搜,찾을 수,,,手,3급
囚,가둘 수,,,囗,3급
晨,새벽 신,,,日,3급
也,이끼 야:,어조사 야:,,乙,3급
閱,볼[覽] 열,,,門,3급
翁,늙은이 옹,,,羽,3급
遂,드디어 수,,,辵,3급
尋,찾을 심,,,寸,3급
耶,어조사 야,,,耳,3급
詠,읊을 영:,,,言,3급
臥,누울 와:,,,臣,3급
孰,누구 숙,,,子,3급
餓,주릴 아:,,,食,3급
躍,뛸 약,,,足,3급
泳,헤엄칠 영:,,,水,3급
曰,가로 왈,,,曰,3급
循,돌[環] 순,,,彳,3급
岳,큰산 악,,,山,3급
楊,버들 양,,,木,3급
銳,날카로울 예:,,,金,3급
畏,두려워할 외:,,,田,3급
殉,따라죽을 순,,,歹,3급
雁,기러기 안:,,,隹,3급
於,어조사 어,탄식할 오,,方,3급
嗚,슬플 오,,,口,3급
遙,멀 요,,,辵,3급
脣,입술 순,,,肉,3급
謁,뵐 알,,,言,3급
焉,어찌 언,,,火,3급
娛,즐길 오:,,,女,3급
腰,허리 요,,,肉,3급
戌,개 술,,,戈,3급
押,누를 압,,,手,3급
輿,수레 여:,,,車,3급
吾,나 오,,,口,3급
搖,흔들 요,,,手,3급
矢,화살 시:,,,矢,3급
殃,재앙 앙,,,歹,3급
汝,너 여:,,,水,3급
傲,거만할 오:,,,人,3급
庸,떳떳할 용,,,广,3급
辛,매울 신,,,辛,3급
涯,물가 애,,,水,3급
余,나 여,,,人,3급
汚,더러울 오:,,,水,3급
于,어조사 우,,,二,3급
伸,펼 신,,,人,3급
厄,액 액,,,厂,3급
予,나 여,,,亅,3급
擁,낄 옹:,,,手,3급
尤,더욱 우,,,尢,3급
又,또 우:,,,又,3급
泣,울 읍,,,水,3급
酌,술부을 작,잔질할 작,,酉,3급
燥,마를 조,,,火,3급
姪,조카 질,,,女,3급
云,이를 운,,,二,3급
凝,엉길 응:,,,冫,3급
爵,벼슬 작,,,爪,3급
弔,조상할 조:,,,弓,3급
懲,징계할 징,,,心,3급
違,어긋날 위,,,辵,3급
矣,어조사 의,,,矢,3급
墻,담 장,,,土,3급
拙,졸할 졸,,,手,3급
且,또 차:,,,一,3급
緯,씨 위,,,糸,3급
宜,마땅 의,,,宀,3급
哉,어조사 재,,,口,3급
佐,도울 좌:,,,人,3급
捉,잡을 착,,,手,3급
唯,오직 유,,,口,3급
而,말이을 이,,,而,3급
宰,재상 재:,,,宀,3급
舟,배 주,,,舟,3급
慙,부끄러울 참,,,心,3급
酉,닭 유,,,酉,3급
夷,오랑캐 이,,,大,3급
滴,물방울 적,,,水,3급
遵,좇을 준:,,,辵,3급
慘,참혹할 참,,,心,3급
愈,나을 유,,,心,3급
寅,범[虎] 인,동방 인,,宀,3급
竊,훔칠 절,,,穴,3급
俊,준걸 준:,,,人,3급
暢,화창할 창:,,,日,3급
惟,생각할 유,,,心,3급
姻,혼인 인,,,女,3급
蝶,나비 접,,,虫,3급
贈,줄[送] 증,,,貝,3급
斥,물리칠 척,,,斤,3급
閏,윤달 윤:,,,門,3급
恣,마음대로 자:,방자할 자:,,心,3급
訂,바로잡을 정,,,言,3급
只,다만 지,,,口,3급
薦,천거할 천:,,,艸,3급
吟,읊을 음,,,口,3급
玆,이 자,,,玄,3급
堤,둑 제,,,土,3급
遲,더딜 지,늦을 지,,辵,3급
尖,뾰족할 첨,,,小,3급
添,더할 첨,,,水,3급
醜,추할 추,,,酉,3급
濯,씻을 탁,,,水,3급
遍,두루 편,,,辵,3급
巷,거리 항:,,,己,3급
妾,첩 첩,,,女,3급
抽,뽑을 추,,,手,3급
誕,낳을 탄:,거짓 탄:,,言,3급
幣,화폐 폐:,,,巾,3급
亥,돼지 해,,,亠,3급
晴,갤 청,,,日,3급
逐,쫓을 축,,,辵,3급
貪,탐낼 탐,,,貝,3급
蔽,덮을 폐:,,,艸,3급
奚,어찌 해,,,大,3급
遞,갈릴 체,,,辵,3급
丑,소 축,,,一,3급
怠,게으를 태,,,心,3급
抱,안을 포:,,,手,3급
該,갖출[備] 해,마땅[當] 해,,言,3급
逮,잡을 체,,,辵,3급
臭,냄새 취:,,,自,3급
播,뿌릴 파(:),,,手,3급
飽,배부를 포:,,,食,3급
享,누릴 향:,,,亠,3급
替,바꿀 체,,,曰,3급
枕,베개 침:,,,木,3급
把,잡을 파:,,,手,3급
幅,폭 폭,,,巾,3급
軒,집 헌,,,車,3급
抄,뽑을 초,,,手,3급
妥,온당할 타:,,,女,3급
罷,마칠 파:,,,网,3급
漂,떠다닐 표,,,水,3급
絃,줄 현,,,糸,3급
秒,분초 초,,,禾,3급
墮,떨어질 타:,,,土,3급
頗,자못 파,,,頁,3급
匹,짝 필,,,匸,3급
縣,고을 현:,,,糸,3급
燭,촛불 촉,,,火,3급
托,맡길 탁,,,手,3급
販,팔[賣] 판,,,貝,3급
旱,가물 한:,,,日,3급
嫌,싫어할 혐,,,女,3급
聰,귀밝을 총,,,耳,3급
濁,흐릴 탁,,,水,3급
貝,조개 패:,,,貝,3급
咸,다 함,,,口,3급
亨,형통할 형,,,亠,3급
螢,반딧불 형,,,虫,3급
擴,넓힐 확,,,手,3급
兮,어조사 혜,,,八,3급
丸,둥글 환,,,丶,3급
乎,어조사 호,,,丿,3급
曉,새벽 효:,,,日,3급
互,서로 호:,,,二,3급
侯,제후 후,,,人,3급
毫,터럭 호,,,毛,3급
毁,헐 훼:,,,殳,3급
昏,어두울 혼,,,日,3급
輝,빛날 휘,,,車,3급
鴻,기러기 홍,,,鳥,3급
携,이끌 휴,,,手,3급
弘,클 홍,,,弓,3급
禾,벼 화,,,禾,3급
穫,거둘 확,,,禾,3급
柯,가지 가,,,木,2급
憾,섭섭할 감:,,,心,2급
坑,구덩이 갱,,,土,2급
炅,빛날 경,,,火,2급
槐,회화나무 괴,느티나무 괴,,木,2급
賈,성(姓) 가,장사 고,,貝,2급
鉀,갑옷 갑,,,金,2급
鍵,자물쇠 건:,열쇠 건:,,金,2급
雇,품팔 고,,,隹,2급
僑,더부살이 교,,,人,2급
軻,수레 가,사람이름 가,,車,2급
岬,곶(串) 갑,,,山,2급
桀,하(夏)왕이름 걸,,,木,2급
皐,언덕 고,,,白,2급
膠,아교 교,,,肉,2급
迦,부처이름 가,,,辵,2급
姜,성(姓) 강,,,女,2급
杰,뛰어날 걸,,,木,2급
菓,과자 과,실과 과:,,艸,2급
絞,목맬 교,,,糸,2급
伽,절 가,,,人,2급
崗,언덕 강,,,山,2급
憩,쉴 게:,,,心,2급
戈,창 과,,,戈,2급
鷗,갈매기 구,,,鳥,2급
珏,쌍옥 각,,,玉,2급
疆,지경 강,,,田,2급
揭,높이들[擧] 게:,걸[掛] 게:,,手,2급
瓜,외 과,,,瓜,2급
歐,구라파 구,칠 구,,欠,2급
杆,몽둥이 간,,,木,2급
岡,산등성이 강,,,山,2급
甄,질그릇 견,,,瓦,2급
款,항목 관:,,,欠,2급
購,살 구,,,貝,2급
艮,괘이름 간,,,艮,2급
彊,굳셀 강,,,弓,2급
璟,옥빛 경:,,,玉,2급
琯,옥피리 관,,,玉,2급
邱,언덕 구,,,邑,2급
葛,칡 갈,,,艸,2급
价,클 개:,,,人,2급
儆,경계할 경:,,,人,2급
串,꿸 관,땅이름 곶,,丨,2급
玖,옥돌 구,,,玉,2급
鞨,오랑캐이름 갈,,,革,2급
塏,높은땅 개:,,,土,2급
瓊,구슬 경,,,玉,2급
傀,허수아비 괴:,,,人,2급
鞠,성(姓) 국,국문할 국,,革,2급
窟,굴 굴,,,穴,2급
槿,무궁화 근:,,,木,2급
琦,옥이름 기,,,玉,2급
湍,여울 단,,,水,2급
燉,불빛 돈,,,火,2급
掘,팔 굴,,,手,2급
兢,떨릴 긍:,,,儿,2급
琪,아름다운옥 기,,,玉,2급
潭,못[池] 담,,,水,2급
頓,조아릴 돈:,,,頁,2급
圈,우리[牢] 권,,,囗,2급
棋,바둑 기,,,木,2급
璣,별이름 기,,,玉,2급
膽,쓸개 담:,,,肉,2급
乭,이름 돌,,,乙,2급
闕,대궐 궐,,,門,2급
冀,바랄 기,,,八,2급
箕,키 기,,,竹,2급
塘,못[池] 당,,,土,2급
棟,마룻대 동,,,木,2급
閨,안방 규,,,門,2급
岐,갈림길 기,,,山,2급
騏,준마 기,,,馬,2급
戴,일[首荷] 대:,,,戈,2급
桐,오동나무 동,,,木,2급
珪,홀 규,,,玉,2급
驥,천리마 기,,,馬,2급
濃,짙을 농:,,,水,2급
垈,집터 대,,,土,2급
董,바를[正] 동:,,,艸,2급
揆,헤아릴 규,,,手,2급
耆,늙을 기,,,老,2급
尿,오줌 뇨,,,尸,2급
悳,큰[德] 덕,,,心,2급
杜,막을 두,,,木,2급
奎,별 규,,,大,2급
麒,기린 기,,,鹿,2급
尼,여승 니,,,尸,2급
悼,슬퍼할 도,,,心,2급
藤,등나무 등,,,艸,2급
圭,서옥(瑞玉) 규,쌍토 규,,土,2급
沂,물이름 기,,,水,2급
溺,빠질 닉,,,水,2급
燾,비칠 도,,,火,2급
謄,베낄 등,,,言,2급
瑾,아름다운옥 근:,,,玉,2급
淇,물이름 기,,,水,2급
鍛,쇠불릴 단,,,金,2급
惇,도타울 돈,,,心,2급
鄧,나라이름 등:,,,邑,2급
裸,벗을 라:,,,衣,2급
礪,숫돌 려:,,,石,2급
蘆,갈대 로,,,艸,2급
麟,기린 린,,,鹿,2급
魅,매혹할 매,,,鬼,2급
洛,물이름 락,,,水,2급
呂,성(姓) 려:,법칙 려:,,口,2급
魯,노나라 로,노둔할 로,,魚,2급
摩,문지를 마,,,手,2급
枚,낱 매,,,木,2급
爛,빛날 란:,,,火,2급
驪,검은말 려,검은말 리,,馬,2급
籠,대바구니 롱(:),,,竹,2급
痲,저릴 마,,,疒,2급
貊,맥국(貊國) 맥,,,豸,2급
藍,쪽 람,,,艸,2급
煉,달굴 련,,,火,2급
療,병고칠 료,,,疒,2급
魔,마귀 마,,,鬼,2급
覓,찾을 멱,,,見,2급
拉,끌 랍,,,手,2급
漣,잔물결 련,,,水,2급
遼,멀 료,,,辵,2급
膜,꺼풀 막,막 막,,肉,2급
俛,힘쓸 면:,구푸릴 면:,,人,2급
萊,명아주 래,,,艸,2급
濂,물이름 렴,,,水,2급
硫,유황 류,,,石,2급
娩,낳을 만:,,,女,2급
沔,물이름 면:,빠질 면:,,水,2급
輛,수레 량:,,,車,2급
玲,옥소리 령,,,玉,2급
謬,그르칠 류,,,言,2급
灣,물굽이 만,,,水,2급
冕,면류관 면:,,,冂,2급
樑,들보 량,,,木,2급
醴,단술[甘酒] 례:,,,酉,2급
劉,죽일 류,묘금도(卯金刂) 류,,刀,2급
蠻,오랑캐 만,,,虫,2급
蔑,업신여길 멸,,,艸,2급
亮,밝을 량,,,亠,2급
盧,성(姓) 로,,,皿,2급
崙,산이름 륜,,,山,2급
靺,말갈(靺鞨) 말,,,革,2급
矛,창 모,,,矛,2급
廬,농막(農幕)집 려,,,广,2급
鷺,해오라기 로,백로 로,,鳥,2급
楞,네모질[四角] 릉,,,木,2급
網,그물 망,,,糸,2급
帽,모자 모,,,巾,2급
茅,띠[草名] 모,,,艸,2급
閔,성(姓) 민,,,門,2급
紡,길쌈 방,,,糸,2급
范,성(姓) 범:,,,艸,2급
甫,클 보:,,,用,2급
謨,꾀 모,,,言,2급
玟,아름다운돌 민,,,玉,2급
旁,곁 방:,,,方,2급
僻,궁벽할 벽,,,人,2급
輔,도울 보:,,,車,2급
牟,성(姓) 모,보리[大麥] 모,,牛,2급
珉,옥돌 민,,,玉,2급
龐,높은집 방,,,龍,2급
弁,고깔 변:,,,廾,2급
潽,물이름 보:,,,水,2급
沐,머리감을 목,,,水,2급
旼,화할 민,,,日,2급
賠,물어줄 배:,,,貝,2급
卞,성(姓) 변:,,,卜,2급
馥,향기 복,,,香,2급
穆,화목할 목,,,禾,2급
舶,배 박,,,舟,2급
俳,배우 배,,,人,2급
倂,아우를 병:,,,人,2급
俸,녹(祿) 봉:,,,人,2급
昴,별이름 묘:,,,日,2급
搬,옮길 반,,,手,2급
裵,성(姓) 배,,,衣,2급
昺,밝을 병:,,,日,2급
縫,꿰맬 봉,,,糸,2급
紊,어지러울 문,문란할 문,,糸,2급
潘,성(姓) 반,,,水,2급
柏,측백 백,,,木,2급
昞,밝을 병:,,,日,2급
蓬,쑥 봉,,,艸,2급
汶,물이름 문,,,水,2급
磻,반계(磻溪) 반,반계 번,,石,2급
閥,문벌 벌,,,門,2급
秉,잡을 병:,,,禾,2급
敷,펼 부(:),,,攴,2급
彌,미륵 미,오랠 미,,弓,2급
渤,바다이름 발,,,水,2급
筏,뗏목 벌,,,竹,2급
柄,자루 병:,,,木,2급
膚,살갗 부,,,肉,2급
旻,하늘 민,,,日,2급
鉢,바리때 발,,,金,2급
汎,넓을 범:,,,水,2급
炳,불꽃 병:,,,火,2급
傅,스승 부:,,,人,2급
釜,가마[鬴] 부,,,金,2급
彬,빛날 빈,,,彡,2급
箱,상자 상,,,竹,2급
瑄,도리옥 선,,,玉,2급
貰,세놓을 세:,,,貝,2급
阜,언덕 부:,,,阜,2급
馮,탈[乘] 빙,성(姓) 풍,,馬,2급
庠,학교 상,,,广,2급
璿,구슬 선,,,玉,2급
紹,이을 소,,,糸,2급
芬,향기 분,,,艸,2급
赦,용서할 사:,,,赤,2급
瑞,상서 서:,,,玉,2급
薛,성(姓) 설,,,艸,2급
沼,못 소,,,水,2급
弗,아닐 불,말[勿] 불,,弓,2급
飼,기를 사,,,食,2급
舒,펼 서:,,,舌,2급
卨,사람이름 설,,,卜,2급
巢,새집 소,,,巛,2급
鵬,새 붕,,,鳥,2급
唆,부추길 사,,,口,2급
碩,클 석,,,石,2급
纖,가늘 섬,,,糸,2급
邵,땅이름 소,성(姓) 소,,邑,2급
匪,비적 비:,,,匚,2급
泗,물이름 사:,,,水,2급
錫,주석 석,,,金,2급
陝,땅이름 섬,,,阜,2급
宋,성(姓) 송:,,,宀,2급
泌,분비할 비:,스며흐를 필,,水,2급
傘,우산 산,,,人,2급
奭,클 석,쌍백 석,,大,2급
蟾,두꺼비 섬,,,虫,2급
銖,저울눈 수,,,金,2급
丕,클 비,,,一,2급
酸,실[味覺] 산,,,酉,2급
晳,밝을 석,,,日,2급
暹,햇살치밀 섬,나라이름 섬,,日,2급
隋,수나라 수,,,阜,2급
毖,삼갈 비,,,比,2급
蔘,삼 삼,,,艸,2급
繕,기울 선:,,,糸,2급
燮,불꽃 섭,,,火,2급
洙,물가 수,,,水,2급
毘,도울 비,,,比,2급
揷,꽂을 삽,,,手,2급
璇,옥 선,,,玉,2급
晟,밝을 성,,,日,2급
盾,방패 순,,,目,2급
舜,순임금 순,,,舛,2급
殖,불릴 식,,,歹,2급
礙,거리낄 애:,,,石,2급
姸,고울 연:,,,女,2급
睿,슬기 예:,,,目,2급
珣,옥이름 순,,,玉,2급
軾,수레가로나무 식,,,車,2급
艾,쑥 애,,,艸,2급
淵,못 연,,,水,2급
濊,종족이름 예:,,,水,2급
淳,순박할 순,,,水,2급
湜,물맑을 식,,,水,2급
埃,티끌 애,,,土,2급
厭,싫어할 염:,,,厂,2급
梧,오동나무 오(:),,,木,2급
洵,참으로 순,,,水,2급
紳,띠[帶] 신:,,,糸,2급
惹,이끌 야:,,,心,2급
閻,마을 염,,,門,2급
墺,물가 오:,,,土,2급
荀,풀이름 순,,,艸,2급
腎,콩팥 신:,,,肉,2급
倻,가야 야,,,人,2급
燁,빛날 엽,,,火,2급
吳,성(姓) 오,,,口,2급
瑟,큰거문고 슬,,,玉,2급
瀋,즙낼 심:,물이름 심:,,水,2급
孃,아가씨 양,,,女,2급
盈,찰[滿] 영,,,皿,2급
鈺,보배 옥,,,金,2급
升,되 승,,,十,2급
握,쥘 악,,,手,2급
襄,도울 양(:),,,衣,2급
瑛,옥빛 영,,,玉,2급
沃,기름질 옥,,,水,2급
繩,노끈 승,,,糸,2급
閼,막을 알,,,門,2급
彦,선비 언:,,,彡,2급
暎,비칠 영:,,,日,2급
穩,편안할 온,,,禾,2급
屍,주검 시:,,,尸,2급
癌,암 암:,,,疒,2급
硯,벼루 연:,,,石,2급
預,맡길 예:,미리 예:,,頁,2급
甕,독 옹:,,,瓦,2급
柴,섶[薪] 시:,,,木,2급
鴨,오리 압,,,鳥,2급
衍,넓을 연:,,,行,2급
芮,성(姓) 예:,,,艸,2급
雍,화(和)할 옹,,,隹,2급
邕,막힐 옹,,,邑,2급
熔,녹을 용,,,火,2급
昱,햇빛밝을 욱,,,日,2급
袁,성(姓) 원,,,衣,2급
允,맏[伯] 윤:,,,儿,2급
莞,빙그레할 완,왕골 관,,艸,2급
傭,품팔 용,,,人,2급
煜,빛날 욱,,,火,2급
媛,계집 원,,,女,2급
胤,자손 윤,,,肉,2급
汪,넓을 왕(:),,,水,2급
瑢,패옥소리 용,,,玉,2급
郁,성할 욱,,,邑,2급
尉,벼슬 위,,,寸,2급
鈗,창 윤,,,金,2급
旺,왕성할 왕:,,,日,2급
溶,녹을 용,,,水,2급
頊,삼갈 욱,,,頁,2급
渭,물이름 위,,,水,2급
尹,성(姓) 윤:,,,尸,2급
歪,기울 왜,기울 외,,止,2급
鎔,쇠녹일 용,,,金,2급
芸,향풀 운,,,艸,2급
韋,가죽 위,,,韋,2급
融,녹을 융,,,虫,2급
倭,왜나라 왜,,,人,2급
鏞,쇠북 용,,,金,2급
鬱,답답할 울,,,鬯,2급
魏,성(姓) 위,,,鬼,2급
垠,지경 은,,,土,2급
妖,요사할 요,,,女,2급
佑,도울 우:,,,人,2급
蔚,고을이름 울,,,艸,2급
庾,곳집 유,노적가리 유,,广,2급
誾,향기 은,,,言,2급
姚,예쁠 요,,,女,2급
禹,성(姓) 우(:),,,禸,2급
熊,곰 웅,,,火,2급
兪,대답할 유,인월도(人月刂) 유,,入,2급
殷,은나라 은,,,殳,2급
堯,요임금 요,,,土,2급
祐,복(福) 우:,,,示,2급
苑,나라동산 원:,,,艸,2급
踰,넘을 유,,,足,2급
鷹,매 응(:),,,鳥,2급
耀,빛날 요,,,羽,2급
旭,아침해 욱,,,日,2급
瑗,구슬 원,,,玉,2급
楡,느릅나무 유,,,木,2급
貳,두 이:,갖은두 이:,,貝,2급
怡,기쁠 이,,,心,2급
諮,물을 자:,,,言,2급
艇,배 정,,,舟,2급
珽,옥이름 정,,,玉,2급
駐,머무를 주:,,,馬,2급
伊,저[彼] 이,,,人,2급
雌,암컷 자,,,隹,2급
偵,염탐할 정,,,人,2급
劑,약제 제,,,刀,2급
疇,이랑 주,,,田,2급
珥,귀고리 이:,,,玉,2급
滋,불을[益] 자,,,水,2급
呈,드릴 정,,,口,2급
措,둘[置] 조,,,手,2급
准,비준 준:,,,冫,2급
翊,도울 익,,,羽,2급
蠶,누에 잠,,,虫,2급
汀,물가 정,,,水,2급
釣,낚을 조:,낚시 조:,,金,2급
駿,준마 준:,,,馬,2급
刃,칼날 인:,,,刀,2급
獐,노루 장,,,犬,2급
楨,광나무 정,,,木,2급
彫,새길 조,,,彡,2급
濬,깊을 준:,,,水,2급
壹,한 일,갖은한 일,,士,2급
庄,전장(田莊) 장,,,广,2급
晶,맑을 정,,,日,2급
趙,나라 조:,,,走,2급
浚,깊게할 준:,,,水,2급
佾,줄춤 일,,,人,2급
璋,홀[圭] 장,,,玉,2급
鼎,솥 정,,,鼎,2급
曺,성(姓) 조,,,曰,2급
晙,밝을 준:,,,日,2급
鎰,무게이름 일,,,金,2급
蔣,성(姓) 장,,,艸,2급
鄭,나라 정:,,,邑,2급
祚,복(福) 조,,,示,2급
峻,높을 준:,준엄할 준:,,山,2급
妊,아이밸 임:,,,女,2급
沮,막을[遮] 저:,,,水,2급
禎,상서로울 정,,,示,2급
綜,모을 종,,,糸,2급
埈,높을 준:,,,土,2급
磁,자석 자,,,石,2급
甸,경기 전,,,田,2급
旌,기 정,,,方,2급
琮,옥홀 종,,,玉,2급
脂,기름 지,,,肉,2급
旨,뜻 지,,,日,2급
窒,막힐 질,,,穴,2급
斬,벨 참(:),,,斤,2급
陟,오를 척,,,阜,2급
楚,초나라 초,,,木,2급
芝,지초 지,,,艸,2급
輯,모을 집,,,車,2급
滄,큰바다 창,,,水,2급
釧,팔찌 천,,,金,2급
蜀,나라이름 촉,,,虫,2급
址,터 지,,,土,2급
遮,가릴 차(:),,,辵,2급
彰,드러날 창,,,彡,2급
撤,거둘 철,,,手,2급
崔,성(姓) 최,높을 최,,山,2급
稷,피[穀名] 직,,,禾,2급
餐,밥 찬,,,食,2급
敞,시원할 창,,,攴,2급
澈,맑을 철,,,水,2급
趨,달아날 추,,,走,2급
稙,올벼 직,,,禾,2급
瓚,옥잔 찬,,,玉,2급
昶,해길 창:,,,日,2급
喆,밝을 철,쌍길[吉] 철,,口,2급
鄒,추나라 추,,,邑,2급
診,진찰할 진,,,言,2급
鑽,뚫을 찬,,,金,2급
埰,사패지(賜牌地) 채:,,,土,2급
瞻,볼 첨,,,目,2급
楸,가래 추,,,木,2급
津,나루 진(:),,,水,2급
璨,옥빛 찬:,,,玉,2급
采,풍채 채:,,,釆,2급
諜,염탐할 첩,,,言,2급
蹴,찰 축,,,足,2급
塵,티끌 진,,,土,2급
燦,빛날 찬:,,,火,2급
蔡,성(姓) 채:,,,艸,2급
締,맺을 체,,,糸,2급
軸,굴대 축,,,車,2급
秦,성(姓) 진,,,禾,2급
刹,절 찰,,,刀,2급
悽,슬퍼할 처:,,,心,2급
哨,망볼 초,,,口,2급
椿,참죽나무 춘,,,木,2급
晋,진나라 진:,,,日,2급
札,편지 찰,,,木,2급
隻,외짝 척,,,隹,2급
焦,탈[燥] 초,,,火,2급
衷,속마음 충,,,衣,2급
沖,화(和)할 충,,,水,2급
胎,아이밸 태,,,肉,2급
鋪,펼 포,가게 포,,金,2급
沆,넓을 항:,,,水,2급
陜,좁을 협,땅이름 합,,阜,2급
炊,불땔 취:,,,火,2급
兌,바꿀 태,기쁠 태,,儿,2급
抛,던질 포:,,,手,2급
亢,높을 항,,,亠,2급
型,모형 형,,,土,2급
聚,모을 취:,,,耳,2급
台,별 태,,,口,2급
鮑,절인물고기 포:,,,魚,2급
杏,살구 행:,,,木,2급
馨,꽃다울 형,,,香,2급
峙,언덕 치,,,山,2급
坡,언덕 파,,,土,2급
葡,포도 포,,,艸,2급
爀,불빛 혁,,,火,2급
邢,성(姓) 형,,,邑,2급
雉,꿩 치,,,隹,2급
阪,언덕 판,,,阜,2급
杓,북두자루 표,,,木,2급
赫,빛날 혁,,,赤,2급
瑩,밝을 형,옥돌 영,,玉,2급
琢,다듬을 탁,,,玉,2급
霸,으뜸 패:,,,雨,2급
弼,도울 필,,,弓,2급
弦,시위 현,,,弓,2급
炯,빛날 형,,,火,2급
託,부탁할 탁,,,言,2급
彭,성(姓) 팽,,,彡,2급
虐,모질 학,,,虍,2급
峴,고개 현:,,,山,2급
瀅,물맑을 형:,,,水,2급
灘,여울 탄,,,水,2급
扁,작을 편,,,戶,2급
翰,편지 한:,,,羽,2급
鉉,솥귀 현,,,金,2급
濠,호주 호,,,水,2급
耽,즐길 탐,,,耳,2급
坪,들[野] 평,,,土,2급
邯,조(趙)나라서울 한,사람이름 감,,邑,2급
炫,밝을 현:,,,火,2급
壕,해자 호,,,土,2급
颱,태풍 태,,,風,2급
怖,두려워할 포,,,心,2급
艦,큰 배 함:,,,舟,2급
峽,골짜기 협,,,山,2급
扈,따를 호:,,,戶,2급
昊,하늘 호:,,,日,2급
嬅,탐스러울 화,,,女,2급
喉,목구멍 후,,,口,2급
熙,빛날 희,,,火,2급
鎬,호경 호:,,,金,2급
幻,헛보일 환:,,,幺,2급
后,임금 후:,왕후 후:,,口,2급
姬,계집 희,,,女,2급
澔,넓을 호:,,,水,2급
煥,빛날 환:,,,火,2급
勳,공(功) 훈,,,力,2급
噫,한숨쉴 희,,,口,2급
皓,흴[白] 호,,,白,2급
桓,굳셀 환,,,木,2급
熏,불길 훈,,,火,2급
熹,빛날 희,,,火,2급
祜,복(福) 호,,,示,2급
滑,미끄러울 활,익살스러울 골,,水,2급
薰,향풀 훈,,,艸,2급
憙,기뻐할 희,,,心,2급
晧,밝을 호:,,,日,2급
晃,밝을 황,,,日,2급
壎,질나팔 훈,,,土,2급
嬉,아름다울 희,,,女,2급
酷,심할 혹,,,酉,2급
滉,깊을 황,,,水,2급
徽,아름다울 휘,,,彳,2급
羲,복희(伏羲) 희,,,羊,2급
泓,물깊을 홍,,,水,2급
廻,돌[旋] 회,,,廴,2급
烋,아름다울 휴,,,火,2급
禧,복(福) 희,,,示,2급
靴,"신[履, 鞋] 화",,,革,2급
淮,물이름 회,,,水,2급
匈,오랑캐 흉,,,勹,2급
樺,벚나무 화,자작나무 화,,木,2급
檜,전나무 회:,,,木,2급
欽,공경할 흠,,,欠,2급
嘉,아름다울 가,,,口,1급
奸,간사할 간,,,女,1급
褐,갈색 갈,굵은베 갈,,衣,1급
慷,슬플 강:,,,心,1급
渠,개천 거,,,水,1급
呵,꾸짖을 가:,,,口,1급
墾,개간할 간,,,土,1급
堪,견딜 감,,,土,1급
糠,겨 강,,,米,1급
倨,거만할 거:,,,人,1급
嫁,시집갈 가,,,女,1급
澗,산골물 간:,,,水,1급
柑,귤 감,,,木,1급
薑,생강 강,,,艸,1급
巾,수건 건,,,巾,1급
稼,심을 가,,,禾,1급
癎,간질 간(:),,,疒,1급
疳,감질 감,,,疒,1급
愾,성낼 개:,,,心,1급
腱,힘줄 건,,,肉,1급
苛,가혹할 가:,,,艸,1급
竿,낚싯대 간,,,竹,1급
瞰,굽어볼 감,,,目,1급
漑,물댈 개:,,,水,1급
虔,공경할 건:,,,虍,1급
袈,가사(袈裟) 가,,,衣,1급
艱,어려울 간,,,艮,1급
紺,감색 감,연보라 감,,糸,1급
凱,개선할 개:,,,几,1급
怯,겁낼 겁,,,心,1급
駕,멍에 가(:),,,馬,1급
諫,간할 간:,,,言,1급
勘,헤아릴 감,,,力,1급
箇,낱 개(:),,,竹,1급
劫,위협할 겁,,,力,1급
哥,성(姓) 가,,,口,1급
揀,가릴 간:,,,手,1급
匣,갑(匣) 갑,,,匚,1급
芥,겨자 개,,,艸,1급
偈,불시(佛詩) 게:,,,人,1급
恪,삼갈 각,,,心,1급
喝,꾸짖을 갈,,,口,1급
閘,수문 갑,,,門,1급
羹,국 갱:,,,羊,1급
檄,격문(檄文) 격,,,木,1급
殼,껍질 각,,,殳,1급
竭,다할 갈,,,立,1급
腔,속빌 강,,,肉,1급
醵,추렴할 거:,추렴할 갹,,酉,1급
膈,가슴 격,,,肉,1급
覡,박수[男巫] 격,,,見,1급
磬,경쇠 경:,,,石,1급
呱,울 고,,,口,1급
鞏,굳을 공,,,革,1급
括,묶을 괄,,,手,1급
繭,고치 견:,,,糸,1급
痙,경련(痙攣) 경,,,疒,1급
膏,기름 고,,,肉,1급
拱,팔짱낄 공:,,,手,1급
曠,빌 광:,,,日,1급
譴,꾸짖을 견:,,,言,1급
梗,줄기 경:,막힐 경,,木,1급
痼,고질 고,,,疒,1급
顆,낱알 과,,,頁,1급
壙,뫼구덩이 광:,,,土,1급
鵑,두견새 견,,,鳥,1급
悸,두근거릴 계:,,,心,1급
錮,막을 고,,,金,1급
廓,둘레 곽,클 확,,广,1급
匡,바룰 광,,,匚,1급
勁,굳셀 경,,,力,1급
敲,두드릴 고,,,攴,1급
梏,수갑 곡,,,木,1급
槨,외관(外棺) 곽,,,木,1급
胱,오줌통 광,,,肉,1급
鯨,고래 경,,,魚,1급
辜,허물 고,,,辛,1급
鵠,고니 곡,과녁 곡,,鳥,1급
藿,콩잎 곽,미역 곽,,艸,1급
罫,줄[罫線] 괘,,,网,1급
憬,깨달을 경:,동경할 경:,,心,1급
袴,바지 고:,,,衣,1급
昆,맏 곤,,,日,1급
棺,널 관,,,木,1급
卦,점괘 괘,,,卜,1급
頸,목 경,,,頁,1급
拷,칠 고,,,手,1급
棍,몽둥이 곤,,,木,1급
顴,광대뼈 관,,,頁,1급
拐,후릴 괴,,,手,1급
莖,줄기 경,,,艸,1급
叩,두드릴 고,,,口,1급
袞,곤룡포 곤:,,,衣,1급
灌,물댈 관,,,水,1급
魁,괴수 괴,,,鬼,1급
脛,정강이 경,,,肉,1급
股,넓적다리 고,,,肉,1급
汨,골몰할 골,물이름 멱,,水,1급
刮,긁을 괄,,,刀,1급
乖,어그러질 괴,,,丿,1급
肱,팔뚝 굉,,,肉,1급
狡,교활할 교,,,犬,1급
仇,원수 구,,,人,1급
謳,노래 구,,,言,1급
詭,속일 궤:,,,言,1급
轟,울릴 굉,수레소리 굉,,車,1급
嬌,아리따울 교,,,女,1급
垢,때 구,,,土,1급
嶇,험할 구,,,山,1급
几,안석 궤:,,,几,1급
宏,클 굉,,,宀,1급
矩,모날 구,법 구,,矢,1급
衢,네거리 구,,,行,1급
窘,군색할 군:,,,穴,1급
櫃,궤짝 궤:,,,木,1급
攪,흔들 교,,,手,1급
駒,망아지 구,,,馬,1급
鉤,갈고리 구,,,金,1급
躬,몸 궁,,,身,1급
机,책상 궤:,,,木,1급
咬,물[齧] 교,새소리 교,,口,1급
鳩,비둘기 구,,,鳥,1급
臼,절구 구,,,臼,1급
穹,하늘 궁,,,穴,1급
逵,길거리 규,,,辵,1급
喬,높을 교,,,口,1급
舅,시아비 구,외삼촌 구,,臼,1급
毆,때릴 구,,,殳,1급
眷,돌볼 권:,,,目,1급
葵,아욱 규,해바라기 규,,艸,1급
驕,교만할 교,,,馬,1급
枸,구기자(枸杞子) 구,,,木,1급
溝,도랑 구,,,水,1급
捲,거둘 권,말 권,,手,1급
窺,엿볼 규,,,穴,1급
轎,가마 교,,,車,1급
廏,마구 구,,,广,1급
灸,뜸 구:,,,火,1급
倦,게으를 권:,,,人,1급
硅,규소 규,,,石,1급
蛟,교룡(蛟龍) 교,,,虫,1급
寇,도적 구,,,宀,1급
軀,몸 구,,,身,1급
蹶,일어설 궐,넘어질 궐,,足,1급
橘,귤 귤,,,木,1급
皎,달밝을 교,,,白,1급
嘔,게울 구(:),,,口,1급
柩,널[棺] 구,,,木,1급
潰,무너질 궤:,,,水,1급
隙,틈 극,,,阜,1급
剋,이길 극,,,刀,1급
矜,자랑할 긍:,,,矛,1급
羈,굴레 기,나그네 기,,网,1급
捏,꾸밀 날,,,手,1급
訥,말더듬거릴 눌,,,言,1급
戟,창 극,,,戈,1급
亘,뻗칠 긍:,베풀 선,,二,1급
嗜,즐길 기,,,口,1급
捺,누를 날,,,手,1급
紐,맺을 뉴,,,糸,1급
棘,가시 극,,,木,1급
譏,비웃을 기,,,言,1급
畸,뙈기밭 기,불구(不具) 기,,田,1급
衲,기울[縫] 납,,,衣,1급
匿,숨길 닉,,,匸,1급
饉,주릴 근:,,,食,1급
肌,살[膚肉] 기,,,肉,1급
拮,일할 길,,,手,1급
囊,주머니 낭,,,口,1급
蛋,새알 단:,,,虫,1급
覲,뵐 근,,,見,1급
綺,비단 기,,,糸,1급
喫,먹을 끽,,,口,1급
撚,비빌 년,,,手,1급
簞,소쿠리 단,,,竹,1급
襟,옷깃 금:,,,衣,1급
杞,구기자(枸杞子) 기,,,木,1급
拏,잡을 나:,,,手,1급
涅,열반(涅槃) 녈,,,水,1급
緞,비단 단,,,糸,1급
擒,사로잡을 금,,,手,1급
朞,돌 기,,,月,1급
懦,나약할 나:,,,心,1급
弩,쇠뇌 노,,,弓,1급
撻,때릴 달,,,手,1급
衾,이불 금:,,,衣,1급
崎,험할 기,,,山,1급
拿,잡을[拏同] 나:,,,手,1급
駑,둔한말 노,,,馬,1급
疸,황달 달,,,疒,1급
扱,거둘 급,꽂을 삽,,手,1급
妓,기생 기:,,,女,1급
儺,푸닥거리 나,,,人,1급
膿,고름 농,,,肉,1급
憺,참담할 담,,,心,1급
汲,물길을 급,,,水,1급
伎,재간 기,,,人,1급
煖,더울 난:,,,火,1급
撓,휠 뇨:,,,手,1급
曇,흐릴 담,,,日,1급
澹,맑을 담,,,水,1급
鍍,도금할 도:,,,金,1급
堵,담 도,,,土,1급
痘,역질 두,,,疒,1급
酪,쇠젖 락,,,酉,1급
痰,가래 담:,,,疒,1급
蹈,밟을 도,,,足,1급
滔,물넘칠 도,,,水,1급
臀,볼기 둔,,,肉,1급
瀾,물결 란,,,水,1급
譚,클 담,말씀 담,,言,1급
賭,내기 도,,,貝,1급
禿,대머리 독,,,禾,1급
遁,숨을 둔:,,,辵,1급
鸞,난새 란,,,鳥,1급
遝,뒤섞일 답,,,辵,1급
萄,포도 도,,,艸,1급
瀆,도랑 독,더럽힐 독,,水,1급
橙,귤 등,걸상 등,,木,1급
剌,발랄할 랄,,,刀,1급
撞,칠 당,,,手,1급
禱,빌 도,,,示,1급
沌,엉길 돈,,,水,1급
邏,순라 라,,,辵,1급
辣,매울 랄,,,辛,1급
棠,아가위 당,,,木,1급
睹,볼 도,,,目,1급
疼,아플 동:,,,疒,1급
螺,소라 라,,,虫,1급
籃,대바구니 람,,,竹,1급
螳,버마재비(사마귀) 당,,,虫,1급
濤,물결 도,,,水,1급
瞳,눈동자 동:,,,目,1급
懶,게으를 라:,,,心,1급
蠟,밀 랍,,,虫,1급
擡,들[擧] 대,,,手,1급
屠,죽일 도,,,尸,1급
胴,큰창자 동,몸통 동,,肉,1급
癩,문둥이 라:,,,疒,1급
臘,섣달 랍,,,肉,1급
袋,자루 대,,,衣,1급
淘,쌀일 도,,,水,1급
憧,동경할 동:,,,心,1급
駱,낙타 락,,,馬,1급
狼,이리 랑:,,,犬,1급
搗,찧을 도,,,手,1급
掉,흔들 도,,,手,1급
兜,투구 두,도솔천(兜率天) 도,,儿,1급
烙,지질 락,,,火,1급
倆,재주 량,,,人,1급
粱,기장 량,,,米,1급
殮,염(殮)할 렴:,,,歹,1급
碌,푸른돌 록,,,石,1급
聊,애오라지 료,,,耳,1급
綸,벼리 륜,,,糸,1급
侶,짝 려:,,,人,1급
簾,발 렴,,,竹,1급
壟,밭두둑 롱:,,,土,1급
寥,쓸쓸할 료,,,宀,1급
慄,떨릴 률,,,心,1급
戾,어그러질 려:,,,戶,1급
齡,나이 령,,,齒,1급
聾,귀먹을 롱,,,耳,1급
寮,동관(同官) 료,,,宀,1급
肋,갈빗대 륵,,,肉,1급
濾,거를 려:,,,水,1급
囹,옥(獄) 령,,,囗,1급
瓏,옥소리 롱,,,玉,1급
壘,보루 루,,,土,1급
勒,굴레 륵,,,力,1급
閭,마을 려,,,門,1급
逞,쾌할 령,,,辵,1급
賂,뇌물 뢰,,,貝,1급
陋,더러울 루:,,,阜,1급
凜,찰 름,,,冫,1급
黎,검을 려,,,黍,1급
鈴,방울 령,,,金,1급
磊,돌무더기 뢰,,,石,1급
琉,유리 류,,,玉,1급
稜,모날 릉,,,禾,1급
瀝,스밀 력,,,水,1급
虜,사로잡을 로,,,虍,1급
牢,우리[畜舍] 뢰,,,牛,1급
溜,처마물 류,,,水,1급
綾,비단 릉,,,糸,1급
礫,조약돌 력,,,石,1급
擄,노략질할 로,,,手,1급
儡,꼭두각시 뢰:,,,人,1급
瘤,혹 류:,,,疒,1급
凌,업신여길 릉,,,冫,1급
輦,가마 련,,,車,1급
撈,건질 로,,,手,1급
燎,횃불 료,,,火,1급
戮,죽일 륙,,,戈,1급
菱,마름 릉,,,艸,1급
斂,거둘 렴:,,,攴,1급
麓,산기슭 록,,,鹿,1급
瞭,밝을 료,,,目,1급
淪,빠질 륜,,,水,1급
悧,영리할 리,,,心,1급
籬,울타리 리,,,竹,1급
淋,임질 림,,,水,1급
挽,당길 만:,,,手,1급
呆,어리석을 매,,,口,1급
螟,멸구 명,,,虫,1급
釐,다스릴 리,,,里,1급
笠,삿갓 립,,,竹,1급
瞞,속일 만,,,目,1급
昧,어두울 매,,,日,1급
暝,저물 명,,,日,1급
俚,속될 리:,,,人,1급
粒,낟알 립,,,米,1급
抹,지울 말,,,手,1급
寐,잘 매:,,,宀,1급
酩,술취할 명:,,,酉,1급
裡,속 리:,,,衣,1급
寞,고요할 막,,,宀,1급
沫,물거품 말,,,水,1급
萌,움[芽] 맹,,,艸,1급
袂,소매 몌,,,衣,1급
痢,이질 리:,,,疒,1급
輓,끌 만:,애도할 만:,,車,1급
襪,버선 말,,,衣,1급
棉,목화 면,,,木,1급
摸,더듬을 모,,,手,1급
罹,걸릴 리,,,网,1급
饅,만두 만,,,食,1급
芒,까끄라기 망,,,艸,1급
眄,곁눈질할 면:,,,目,1급
牡,수컷 모,,,牛,1급
吝,아낄 린,,,口,1급
蔓,덩굴 만,,,艸,1급
惘,멍할 망,,,心,1급
緬,멀 면(:),,,糸,1급
糢,모호할 모,,,米,1급
鱗,비늘 린,,,魚,1급
鰻,뱀장어 만,,,魚,1급
煤,그을음 매,,,火,1급
麪,국수 면,,,麥,1급
耗,소모할 모,,,耒,1급
燐,도깨비불 린,,,火,1급
卍,만(卍) 만:,,,十,1급
罵,꾸짖을 매:,,,网,1급
溟,바다 명,,,水,1급
歿,죽을 몰,,,歹,1급
躪,짓밟을 린,,,足,1급
彎,굽을 만,,,弓,1급
邁,갈[行] 매,,,辵,1급
皿,그릇 명:,,,皿,1급
猫,고양이 묘:,,,犬,1급
描,그릴 묘:,,,手,1급
誣,속일 무:,,,言,1급
箔,발[簾] 박,,,竹,1급
絆,얽어맬 반,,,糸,1급
潑,물뿌릴 발,,,水,1급
杳,아득할 묘,,,木,1급
蚊,모기 문,,,虫,1급
撲,칠[擊] 박,,,手,1급
畔,밭두둑 반,,,田,1급
撥,다스릴 발,,,手,1급
渺,아득할 묘:,물질펀할 묘:,,水,1급
靡,쓰러질 미,,,非,1급
剝,벗길 박,,,刀,1급
蟠,서릴 반,,,虫,1급
彷,헤맬 방(:),,,彳,1급
巫,무당 무:,,,工,1급
薇,장미 미,,,艸,1급
珀,호박(琥珀) 박,,,玉,1급
頒,나눌 반,,,頁,1급
尨,삽살개 방,,,尢,1급
蕪,거칠 무,,,艸,1급
媚,아첨할 미,예쁠 미,,女,1급
樸,순박할 박,,,木,1급
攀,더위잡을 반,,,手,1급
謗,헐뜯을 방:,,,言,1급
畝,이랑 무:,이랑 묘:,,田,1급
悶,답답할 민,,,心,1급
粕,지게미 박,,,米,1급
拌,버릴 반,,,手,1급
坊,동네 방,,,土,1급
毋,말[勿] 무,,,毋,1급
謐,고요할 밀,,,言,1급
駁,논박할 박,,,馬,1급
跋,밟을 발,,,足,1급
膀,오줌통 방,,,肉,1급
撫,어루만질 무(:),,,手,1급
膊,팔뚝 박,,,肉,1급
槃,쟁반 반,,,木,1급
勃,노할 발,,,力,1급
幇,도울 방,,,巾,1급
拇,엄지손가락 무:,,,手,1급
搏,두드릴 박,,,手,1급
斑,아롱질 반,,,文,1급
魃,가물 발,,,鬼,1급
昉,밝을 방,,,日,1급
憮,어루만질 무:,,,心,1급
縛,얽을 박,,,糸,1급
礬,백반 반,,,石,1급
醱,술괼 발,,,酉,1급
肪,기름 방,,,肉,1급
榜,방(榜)붙일 방:,,,木,1급
帆,돛 범:,,,巾,1급
瞥,눈깜짝할 별,,,目,1급
鋒,칼날 봉,,,金,1급
埠,부두 부:,,,土,1급
枋,다목 방,,,木,1급
梵,불경 범:,,,木,1급
甁,병 병,,,瓦,1급
烽,봉화 봉,,,火,1급
咐,분부할 부,불[吹] 부,,口,1급
陪,모실 배:,,,阜,1급
氾,넘칠 범:,,,水,1급
餠,떡 병:,,,食,1급
捧,받들 봉,,,手,1급
剖,쪼갤 부:,,,刀,1급
胚,아기밸 배,,,肉,1급
泛,뜰 범:,,,水,1급
菩,보살 보,,,艸,1급
棒,막대 봉,,,木,1급
俯,구부릴 부:,,,人,1급
湃,물결칠 배,,,水,1급
癖,버릇 벽,,,疒,1급
堡,작은성 보:,,,土,1급
賻,부의 부:,,,貝,1급
孵,알깔 부,,,子,1급
徘,어정거릴 배,,,彳,1급
劈,쪼갤 벽,,,刀,1급
洑,보 보,스며흐를 복,,水,1급
駙,부마 부:,,,馬,1급
扮,꾸밀 분,,,手,1급
魄,넋 백,,,鬼,1급
闢,열 벽,,,門,1급
鰒,전복 복,,,魚,1급
訃,부고 부:,,,言,1급
雰,눈날릴 분,,,雨,1급
帛,비단 백,,,巾,1급
擘,엄지손가락 벽,,,手,1급
僕,종 복,,,人,1급
芙,연꽃 부,,,艸,1급
盆,동이 분,,,皿,1급
藩,울타리 번,,,艸,1급
璧,구슬 벽,,,玉,1급
匐,길 복,,,勹,1급
腑,육부(六腑) 부,,,肉,1급
焚,불사를 분,,,火,1급
蕃,불을 번,,,艸,1급
鼈,자라 별,,,黽,1급
輻,바퀴살 복,바퀴살 폭,,車,1급
斧,도끼 부,,,斤,1급
吩,분부할 분:,,,口,1급
噴,뿜을 분,,,口,1급
鄙,더러울 비:,,,邑,1급
沸,끓을 비:,용솟음할 불,,水,1급
瀕,물가 빈,가까울 빈,,水,1급
瀉,쏟을 사(:),,,水,1급
忿,성낼 분:,,,心,1급
譬,비유할 비:,,,言,1급
憊,고단할 비:,,,心,1급
憑,비길[依] 빙,,,心,1급
獅,사자 사(:),,,犬,1급
糞,똥 분,,,米,1급
裨,도울 비,,,衣,1급
匕,비수 비:,,,匕,1급
些,적을 사,,,二,1급
蓑,도롱이 사,,,艸,1급
彿,비슷할 불,,,彳,1급
臂,팔 비:,,,肉,1급
蜚,바퀴 비,날[飛] 비,,虫,1급
麝,사향노루 사:,,,鹿,1급
疝,산증(疝症) 산,,,疒,1급
棚,사다리 붕,,,木,1급
脾,지라 비(:),,,肉,1급
庇,덮을 비:,,,广,1급
祠,사당 사,,,示,1급
珊,산호 산,,,玉,1급
硼,붕사(硼砂) 붕,,,石,1급
翡,물총새 비:,,,羽,1급
緋,비단 비:,,,糸,1급
紗,비단 사,,,糸,1급
刪,깎을 산,,,刀,1급
繃,묶을 붕,,,糸,1급
扉,사립문 비,,,戶,1급
殯,빈소 빈,,,歹,1급
嗣,이을 사:,,,口,1급
撒,뿌릴 살,,,手,1급
誹,헐뜯을 비,,,言,1급
秕,쭉정이 비:,,,禾,1급
濱,물가 빈,,,水,1급
奢,사치할 사,,,大,1급
煞,죽일 살,,,火,1급
砒,비상 비:,,,石,1급
痺,저릴 비,,,疒,1급
嬪,궁녀벼슬이름 빈,,,女,1급
娑,춤출 사,사바세상 사,,女,1급
薩,보살 살,,,艸,1급
妣,죽은어미 비,,,女,1급
琵,비파 비,,,玉,1급
嚬,찡그릴 빈,,,口,1급
徙,옮길 사:,,,彳,1급
滲,스밀 삼,,,水,1급
澁,떫을 삽,,,水,1급
棲,깃들일 서:,,,木,1급
煽,부채질할 선,,,火,1급
閃,번쩍일 섬,,,門,1급
甦,깨어날 소,,,生,1급
爽,시원할 상:,,,爻,1급
犀,무소 서:,,,牛,1급
銑,무쇠 선,,,金,1급
殲,다죽일 섬,,,歹,1급
梳,얼레빗 소,,,木,1급
翔,날[飛] 상,,,羽,1급
胥,서로 서,,,肉,1급
膳,선물 선:,반찬 선:,,肉,1급
醒,깰 성,,,酉,1급
宵,밤[夜] 소,,,宀,1급
觴,잔 상,,,角,1급
薯,감자 서:,,,艸,1급
羨,부러워할 선:,무덤길 연:,,羊,1급
簫,퉁소 소,,,竹,1급
搔,긁을 소,,,手,1급
孀,홀어미 상,,,女,1급
黍,기장 서:,,,黍,1급
扇,부채 선,,,戶,1급
塑,흙빚을 소,,,土,1급
贖,속죄할 속,,,貝,1급
璽,옥새(玉璽) 새,,,玉,1급
嶼,섬 서(:),,,山,1급
腺,샘 선,,,肉,1급
遡,거스를 소,,,辵,1급
遜,겸손할 손:,,,辵,1급
嗇,아낄 색,,,口,1급
曙,새벽 서:,,,日,1급
屑,가루 설,,,尸,1급
逍,노닐 소,,,辵,1급
悚,두려울 송:,,,心,1급
牲,희생 생,,,牛,1급
鼠,쥐 서:,,,鼠,1급
泄,샐 설,,,水,1급
蕭,쓸쓸할 소,,,艸,1급
碎,부술 쇄:,,,石,1급
甥,생질 생,,,生,1급
壻,사위 서:,,,士,1급
洩,샐 설,퍼질 예,,水,1급
瘙,피부병 소,,,疒,1급
灑,뿌릴 쇄:,,,水,1급
抒,풀 서:,,,手,1급
潟,개펄 석,,,水,1급
渫,파낼 설,,,水,1급
疎,성길 소,,,疋,1급
蒐,모을 수,,,艸,1급
嫂,형수 수,,,女,1급
穗,이삭 수,,,禾,1급
丞,정승 승,,,一,1급
拭,씻을 식,,,手,1급
什,열사람 십,세간 집,,人,1급
戍,수자리 수,,,戈,1급
瘦,여윌 수,,,疒,1급
柿,감 시:,,,木,1급
薪,섶 신,,,艸,1급
訝,의심할 아,,,言,1급
髓,뼛골 수,,,骨,1급
讎,원수 수,,,言,1급
匙,숟가락 시:,,,匕,1급
迅,빠를 신,,,辵,1급
衙,마을[官廳] 아,,,行,1급
酬,갚을 수,,,酉,1급
夙,이를 숙,,,夕,1급
媤,시집 시,,,女,1급
蜃,큰조개 신,,,虫,1급
啞,벙어리 아(:),,,口,1급
袖,소매 수,,,衣,1급
菽,콩 숙,,,艸,1급
弑,윗사람죽일 시:,,,弋,1급
燼,불탄끝 신:,,,火,1급
俄,아까 아,,,人,1급
羞,부끄러울 수,,,羊,1급
塾,글방 숙,,,土,1급
猜,시기할 시,,,犬,1급
宸,대궐 신,,,宀,1급
堊,흰흙 악,,,土,1급
狩,사냥할 수,,,犬,1급
醇,전국술 순,,,酉,1급
諡,시호 시:,,,言,1급
娠,아이밸 신,,,女,1급
愕,놀랄 악,,,心,1급
繡,수놓을 수:,,,糸,1급
筍,죽순 순,,,竹,1급
豺,승냥이 시:,,,豸,1급
呻,읊조릴 신,,,口,1급
顎,턱 악,,,頁,1급
粹,순수할 수,,,米,1급
馴,길들일 순,,,馬,1급
熄,불꺼질 식,,,火,1급
訊,물을 신:,,,言,1급
晏,늦을 안:,,,日,1급
竪,세울 수,,,立,1급
膝,무릎 슬,,,肉,1급
蝕,좀먹을 식,,,虫,1급
悉,다 실,,,心,1급
鞍,안장 안:,,,革,1급
按,누를 안(:),,,手,1급
曖,희미할 애,,,日,1급
爺,아비 야,,,父,1급
臆,가슴 억,,,肉,1급
椽,서까래 연,,,木,1급
斡,돌 알,,,斗,1급
隘,좁을 애,,,阜,1급
葯,꽃밥 약,,,艸,1급
堰,둑 언,,,土,1급
焰,불꽃 염,,,火,1급
軋,삐걱거릴 알,,,車,1급
靄,아지랑이 애:,,,雨,1급
攘,물리칠 양:,,,手,1급
諺,언문 언:,속담 언:,,言,1급
艶,고울 염:,,,色,1급
闇,숨을 암:,,,門,1급
扼,잡을 액,,,手,1급
恙,병 양:,근심할 양:,,心,1급
掩,가릴 엄:,,,手,1급
嬰,어린아이 영,,,女,1급
庵,암자 암,,,广,1급
腋,겨드랑이 액,,,肉,1급
釀,술빚을 양,,,酉,1급
奄,문득 엄:,,,大,1급
詣,이를[至] 예:,,,言,1급
昂,높을 앙,,,日,1급
縊,목맬 액,,,糸,1급
癢,가려울 양:,,,疒,1급
儼,엄연할 엄,,,人,1급
曳,끌 예:,,,曰,1급
怏,원망할 앙,,,心,1급
櫻,앵두 앵,,,木,1급
瘍,헐 양,,,疒,1급
繹,풀[解] 역,,,糸,1급
穢,더러울 예:,,,禾,1급
秧,모 앙,,,禾,1급
鶯,꾀꼬리 앵,,,鳥,1급
圄,옥 어,,,囗,1급
鳶,솔개 연,,,鳥,1급
裔,후손 예:,,,衣,1급
鴦,원앙 앙,,,鳥,1급
揶,야유할 야:,,,手,1급
禦,막을 어:,,,示,1급
捐,버릴 연:,,,手,1급
奧,깊을 오(:),,,大,1급
崖,언덕 애,,,山,1급
冶,풀무 야:,,,冫,1급
瘀,어혈질 어:,,,疒,1급
筵,대자리 연,,,竹,1급
懊,한할 오:,,,心,1급
伍,다섯사람 오:,,,人,1급
腕,팔뚝 완(:),,,肉,1급
邀,맞을 요,,,辵,1급
涌,물 솟을 용:,,,水,1급
猿,원숭이 원,,,犬,1급
寤,잠깰 오,,,宀,1급
阮,성(姓) 완:,,,阜,1급
饒,넉넉할 요,,,食,1급
虞,염려할 우,나라이름 우,,虍,1급
鴛,원앙 원,,,鳥,1급
蘊,쌓을 온:,,,艸,1급
頑,완고할 완,,,頁,1급
僥,요행 요,,,人,1급
迂,에돌 우,,,辵,1급
萎,시들 위,,,艸,1급
壅,막을 옹,,,土,1급
枉,굽을 왕:,,,木,1급
凹,오목할 요,,,凵,1급
寓,부칠[寄] 우:,,,宀,1급
揄,야유할 유,,,手,1급
訛,그릇될 와:,,,言,1급
矮,난쟁이 왜,,,矢,1급
拗,우길 요,,,手,1급
嵎,산굽이 우,,,山,1급
柚,유자 유,,,木,1급
渦,소용돌이 와,,,水,1급
巍,높고클 외,,,山,1급
夭,일찍죽을 요:,,,大,1급
隅,모퉁이 우,,,阜,1급
游,헤엄칠 유,,,水,1급
蝸,달팽이 와,,,虫,1급
猥,외람할 외:,,,犬,1급
踊,뛸 용:,,,足,1급
耘,김맬 운,,,耒,1급
鍮,놋쇠 유,,,金,1급
婉,순할 완:,아름다울 완:,,女,1급
擾,시끄러울 요,,,手,1급
蓉,연꽃 용,,,艸,1급
殞,죽을 운:,,,歹,1급
癒,병나을 유,,,疒,1급
宛,완연할 완,,,宀,1급
窈,고요할 요:,,,穴,1급
茸,풀날 용:,버섯 이:,,艸,1급
隕,떨어질 운:,,,阜,1급
諛,아첨할 유,,,言,1급
玩,즐길 완:,,,玉,1급
窯,기와가마 요,,,穴,1급
聳,솟을 용:,,,耳,1급
冤,원통할 원(:),,,冖,1급
諭,타이를 유,,,言,1급
蹂,밟을 유,,,足,1급
椅,의자 의,,,木,1급
靭,질길 인,,,革,1급
炙,구울 자,구울 적,,火,1급
雀,참새 작,,,隹,1급
喩,깨우칠 유,,,口,1급
擬,비길 의:,,,手,1급
咽,목구멍 인,목멜 열,삼킬 연,口,1급
煮,삶을 자(:),,,火,1급
鵲,까치 작,,,鳥,1급
愉,즐거울 유,,,心,1급
誼,정(情) 의,,,言,1급
湮,묻힐 인,,,水,1급
藉,깔 자:,핑계할 자:,,艸,1급
盞,잔 잔,,,皿,1급
宥,너그러울 유,,,宀,1급
餌,미끼 이:,,,食,1급
溢,넘칠 일,,,水,1급
瓷,사기그릇 자,,,瓦,1급
棧,사다리 잔,,,木,1급
絨,가는베 융,,,糸,1급
姨,이모 이,,,女,1급
佚,편안 일,질탕 질,,人,1급
炸,터질 작,,,火,1급
箴,경계 잠,,,竹,1급
戎,병장기 융,오랑캐 융,,戈,1급
痍,상처 이,,,疒,1급
剩,남을 잉:,,,刀,1급
勺,구기 작,,,勹,1급
簪,비녀 잠,,,竹,1급
蔭,그늘 음,,,艸,1급
爾,너 이:,,,爻,1급
孕,아이밸 잉:,,,子,1급
灼,불사를 작,,,火,1급
檣,돛대 장,,,木,1급
揖,읍할 읍,,,手,1급
弛,늦출 이:,,,弓,1급
疵,허물 자,,,疒,1급
綽,너그러울 작,,,糸,1급
薔,장미 장,,,艸,1급
膺,가슴 응:,,,肉,1급
翌,다음날 익,,,羽,1급
仔,자세할 자,,,人,1급
嚼,씹을 작,,,口,1급
漿,즙 장,,,水,1급
毅,굳셀 의,,,殳,1급
蚓,지렁이 인,,,虫,1급
蔗,사탕수수 자,,,艸,1급
芍,함박꽃 작,,,艸,1급
醬,장 장:,,,酉,1급
杖,지팡이 장(:),,,木,1급
詛,저주할 저:,,,言,1급
餞,보낼 전:,,,食,1급
煎,달일 전(:),,,火,1급
錠,덩이 정,,,金,1급
匠,장인 장,,,匚,1급
躇,머뭇거릴 저,,,足,1급
顫,떨 전:,,,頁,1급
澱,앙금 전:,,,水,1급
挺,빼어날 정,,,手,1급
仗,의장(儀仗) 장,,,人,1급
邸,집 저:,,,邑,1급
顚,엎드러질 전:,이마 전:,,頁,1급
剪,가위 전(:),,,刀,1급
町,밭두둑 정,,,田,1급
齋,재계할 재,집 재,,齊,1급
觝,씨름 저:,,,角,1급
銓,사람가릴 전(:),,,金,1급
氈,담(毯) 전:,,,毛,1급
睛,눈동자 정,,,目,1급
滓,찌끼 재,,,水,1급
嫡,정실 적,,,女,1급
輾,돌아누울 전:,,,車,1급
悛,고칠 전:,,,心,1급
碇,닻 정,,,石,1급
錚,쇳소리 쟁,,,金,1급
謫,귀양갈 적,,,言,1급
纏,얽을 전,,,糸,1급
篆,전자(篆字) 전:,,,竹,1급
穽,함정 정,,,穴,1급
狙,원숭이 저:,엿볼 저:,,犬,1급
狄,오랑캐 적,,,犬,1급
栓,마개 전,,,木,1급
奠,정할 전:,제사 전:,,大,1급
釘,못 정,,,金,1급
豬,돼지 저,,,豕,1급
迹,자취 적,,,辵,1급
箭,살[矢] 전:,,,竹,1급
截,끊을 절,,,戈,1급
靖,편안할 정(:),,,靑,1급
箸,젓가락 저,,,竹,1급
塡,메울 전,,,土,1급
廛,가게 전:,,,广,1급
霑,젖을 점,,,雨,1급
幀,그림족자 정,,,巾,1급
咀,씹을 저:,,,口,1급
箋,기록할 전,,,竹,1급
癲,미칠 전:,,,疒,1급
粘,붙을 점,,,米,1급
酊,술취할 정,,,酉,1급
啼,울 제,,,口,1급
曹,무리 조,,,曰,1급
爪,손톱 조,,,爪,1급
輳,몰려들 주,,,車,1급
竣,마칠 준:,,,立,1급
梯,사다리 제,,,木,1급
棗,대추 조,,,木,1급
眺,볼 조:,,,目,1급
誅,벨 주,,,言,1급
樽,술통 준,,,木,1급
悌,공손할 제:,,,心,1급
粗,거칠 조,,,米,1급
簇,가는대[小竹] 족,,,竹,1급
做,지을 주,,,人,1급
蠢,꾸물거릴 준:,,,虫,1급
蹄,굽 제,,,足,1급
肇,비롯할 조:,,,聿,1급
猝,갑자기 졸,,,犬,1급
胄,자손 주,,,肉,1급
櫛,빗 즐,,,木,1급
詔,조서 조:,,,言,1급
遭,만날 조,,,辵,1급
踵,발꿈치 종,,,足,1급
呪,빌 주:,,,口,1급
葺,기울 즙,,,艸,1급
藻,마름 조:,,,艸,1급
槽,구유 조,,,木,1급
慫,권할 종,,,心,1급
嗾,부추길 주,,,口,1급
汁,즙 즙,,,水,1급
躁,조급할 조,,,足,1급
繰,고치켤 조,,,糸,1급
腫,종기 종:,,,肉,1급
廚,부엌 주,,,广,1급
咫,여덟치 지,,,口,1급
阻,막힐 조,,,阜,1급
糟,지게미 조,,,米,1급
踪,자취 종,,,足,1급
紂,주임금 주,,,糸,1급
摯,잡을 지,,,手,1급
凋,시들 조,,,冫,1급
稠,빽빽할 조,,,禾,1급
挫,꺾을 좌:,,,手,1급
紬,명주 주,,,糸,1급
枳,탱자 지,탱자 기,,木,1급
嘲,비웃을 조,,,口,1급
漕,배로실어나를 조,,,水,1급
躊,머뭇거릴 주:,,,足,1급
註,글뜻풀 주:,,,言,1급
祉,복(福) 지,,,示,1급
肢,팔다리 지,,,肉,1급
朕,나 짐:,,,月,1급
纂,모을 찬:,,,糸,1급
槍,창 창,,,木,1급
漲,넘칠 창:,,,水,1급
嗔,성낼 진,,,口,1급
斟,짐작할 짐,,,斗,1급
饌,반찬 찬:,,,食,1급
脹,부을 창:,,,肉,1급
寨,목책(木柵) 채,,,宀,1급
疹,마마 진,,,疒,1급
澄,맑을 징,,,水,1급
篡,빼앗을 찬:,,,竹,1급
娼,창녀 창(:),,,女,1급
柵,울타리 책,,,木,1급
帙,책권차례 질,,,巾,1급
叉,갈래 차,,,又,1급
擦,문지를 찰,,,手,1급
猖,미쳐날뛸 창,,,犬,1급
凄,쓸쓸할 처,,,冫,1급
桎,차꼬 질,,,木,1급
嗟,탄식할 차:,,,口,1급
塹,구덩이 참,,,土,1급
廠,공장 창,,,广,1급
瘠,여윌 척,,,疒,1급
膣,음도 질,,,肉,1급
蹉,미끄러질 차,,,足,1급
站,역(驛)마을 참(:),,,立,1급
瘡,부스럼 창,,,疒,1급
滌,씻을 척,,,水,1급
叱,꾸짖을 질,,,口,1급
搾,짤 착,,,手,1급
僭,주제넘을 참:,,,人,1급
倡,광대 창:,,,人,1급
脊,등마루 척,,,肉,1급
跌,거꾸러질 질,,,足,1급
窄,좁을 착,,,穴,1급
懺,뉘우칠 참,,,心,1급
艙,부두 창,,,舟,1급
擲,던질 척,,,手,1급
迭,갈마들 질,,,辵,1급
鑿,뚫을 착,,,金,1급
讒,참소할 참,,,言,1급
菖,창포 창,,,艸,1급
闡,밝힐 천:,,,門,1급
嫉,미워할 질,,,女,1급
撰,지을 찬:,,,手,1급
讖,예언 참,,,言,1급
愴,슬플 창:,,,心,1급
穿,뚫을 천:,,,穴,1급
擅,멋대로할 천:,,,手,1급
疊,거듭 첩,,,田,1급
蕉,파초 초,,,艸,1급
撮,모을 촬,사진찍을 촬,,手,1급
椎,쇠몽치 추,등골 추,,木,1급
喘,숨찰 천:,,,口,1급
牒,편지 첩,,,片,1급
樵,나무할 초,,,木,1급
槌,칠[擊] 추,방망이 퇴,,木,1급
黜,내칠 출,,,黑,1급
轍,바퀴자국 철,,,車,1급
捷,빠를 첩,,,手,1급
梢,나무끝 초,,,木,1급
樞,지도리 추,,,木,1급
贅,혹 췌:,,,貝,1급
綴,엮을 철,,,糸,1급
涕,눈물 체,,,水,1급
稍,점점 초,,,禾,1급
芻,꼴 추,,,艸,1급
悴,파리할 췌:,,,心,1급
凸,볼록할 철,,,凵,1급
諦,살필 체,,,言,1급
炒,볶을 초,,,火,1급
墜,떨어질 추,,,土,1급
膵,췌장 췌:,,,肉,1급
籤,제비(점대) 첨,,,竹,1급
貂,담비 초,,,豸,1급
囑,부탁할 촉,,,口,1급
鰍,미꾸라지 추,,,魚,1급
萃,모을 췌:,,,艸,1급
僉,다 첨,여러 첨,,人,1급
礁,암초 초,,,石,1급
忖,헤아릴 촌:,,,心,1급
鎚,쇠망치 추,,,金,1급
娶,장가들 취:,,,女,1급
諂,아첨할 첨:,,,言,1급
硝,화약 초,,,石,1급
叢,떨기 총,모일 총,,又,1급
酋,우두머리 추,,,酉,1급
翠,푸를 취:,물총새 취:,,羽,1급
帖,문서 첩,,,巾,1급
憔,파리할 초,,,心,1급
塚,무덤 총,,,土,1급
錐,송곳 추,,,金,1급
脆,연할 취:,,,肉,1급
貼,붙일 첩,,,貝,1급
醋,초 초,,,酉,1급
寵,사랑할 총:,,,宀,1급
錘,저울추 추,,,金,1급
惻,슬플 측,,,心,1급
幟,기(旗) 치,,,巾,1급
砧,다듬잇돌 침:,,,石,1급
鐸,방울 탁,,,金,1급
苔,이끼 태,,,艸,1급
褪,바랠[褪色] 퇴:,,,衣,1급
嗤,비웃을 치,,,口,1급
蟄,숨을 칩,,,虫,1급
呑,삼킬 탄,,,口,1급
跆,밟을 태,,,足,1급
腿,넓적다리 퇴:,,,肉,1급
痔,치질 치,,,疒,1급
秤,저울 칭,,,禾,1급
坦,평탄할 탄:,,,土,1급
汰,일[淘] 태,,,水,1급
套,씌울 투,,,大,1급
侈,사치할 치,,,人,1급
駝,낙타 타,,,馬,1급
憚,꺼릴 탄,,,心,1급
撐,버틸 탱,,,手,1급
妬,샘낼 투,,,女,1급
熾,성할 치,,,火,1급
楕,길고둥글 타:,,,木,1급
綻,터질 탄:,,,糸,1급
攄,펼 터:,,,手,1급
慝,사특할 특,,,心,1급
癡,어리석을 치,,,疒,1급
惰,게으를 타:,,,心,1급
眈,노려볼 탐,,,目,1급
慟,서러워할 통:,,,心,1급
巴,꼬리 파,,,己,1급
緻,빽빽할 치,,,糸,1급
唾,침[涎] 타:,,,口,1급
搭,탈[乘] 탑,,,手,1급
桶,통(桶) 통,,,木,1급
爬,긁을 파,,,爪,1급
馳,달릴 치,,,馬,1급
陀,비탈질 타,부처 타,,阜,1급
宕,호탕할 탕:,,,宀,1급
筒,통(筒) 통,,,竹,1급
琶,비파 파,,,玉,1급
勅,칙서 칙,,,力,1급
舵,키[正船木] 타,,,舟,1급
蕩,방탕할 탕:,,,艸,1급
頹,무너질 퇴,,,頁,1급
芭,파초 파,,,艸,1급
鍼,침(鍼) 침,,,金,1급
擢,뽑을 탁,,,手,1급
笞,볼기칠 태,,,竹,1급
堆,쌓을 퇴:,,,土,1급
跛,절름발이 파,비스듬히설 피:,,足,1급
婆,할미 파,,,女,1급
愎,강퍅할 퍅,,,心,1급
褒,기릴 포,,,衣,1급
瀑,폭포 폭,소나기 포,,水,1급
乏,모자랄 핍,,,丿,1급
辦,힘들일 판,,,辛,1급
鞭,채찍 편,,,革,1급
袍,도포 포,,,衣,1급
豹,표범 표,,,豸,1급
霞,노을 하,,,雨,1급
沛,비쏟아질 패:,,,水,1급
騙,속일 편,,,馬,1급
匍,길 포,,,勹,1급
慓,급할 표,,,心,1급
遐,멀 하,,,辵,1급
牌,패(牌) 패,,,片,1급
貶,낮출 폄:,,,貝,1급
脯,포(脯) 포,,,肉,1급
飄,나부낄 표,,,風,1급
蝦,두꺼비 하,새우 하,,虫,1급
悖,거스를 패:,,,心,1급
萍,부평초(浮萍草) 평,,,艸,1급
泡,거품 포,,,水,1급
剽,겁박할 표,,,刀,1급
瑕,허물 하,,,玉,1급
唄,염불소리 패:,,,口,1급
斃,죽을 폐:,,,攴,1급
圃,채마밭 포,,,囗,1급
稟,여쭐 품:,,,禾,1급
壑,구렁 학,,,土,1급
佩,찰[帶] 패:,,,人,1급
陛,대궐섬돌 폐:,,,阜,1급
哺,먹일 포:,,,口,1급
諷,풍자할 풍,,,言,1급
謔,희롱할 학,,,言,1급
稗,피[穀類] 패:,,,禾,1급
疱,물집 포:,,,疒,1급
咆,고함지를[咆哮] 포,,,口,1급
披,헤칠 피,,,手,1급
瘧,학질(瘧疾) 학,,,疒,1급
膨,불을 팽,,,肉,1급
庖,부엌 포,,,广,1급
蒲,부들 포,,,艸,1급
疋,필(匹) 필,,,疋,1급
罕,드물 한:,,,网,1급
澎,물소리 팽,,,水,1급
逋,도망갈 포,,,辵,1급
曝,쪼일 폭,쪼일 포,,日,1급
逼,핍박할 핍,,,辵,1급
悍,사나울 한:,,,心,1급
澣,빨래할 한,열흘 한,,水,1급
蛤,조개 합,,,虫,1급
邂,우연히만날 해:,,,辵,1급
俠,의기로울 협,,,人,1급
瑚,산호 호,,,玉,1급
轄,다스릴 할,,,車,1급
缸,항아리 항,,,缶,1급
劾,꾸짖을 핵,,,力,1급
挾,낄 협,,,手,1급
琥,호박(琥珀) 호:,,,玉,1급
緘,봉할 함,,,糸,1급
肛,항문 항,,,肉,1급
嚮,길잡을 향:,,,口,1급
狹,좁을 협,,,犬,1급
渾,흐릴 혼:,,,水,1급
涵,젖을 함,,,水,1급
諧,화할 해,,,言,1급
饗,잔치할 향:,,,食,1급
頰,뺨 협,,,頁,1급
笏,홀(笏) 홀,,,竹,1급
檻,난간 함:,,,木,1급
骸,뼈 해,,,骨,1급
噓,불[吹] 허,,,口,1급
荊,가시 형,,,艸,1급
惚,황홀할 홀,,,心,1급
喊,소리칠 함:,,,口,1급
楷,본보기 해,,,木,1급
墟,터 허,,,土,1급
彗,살별 혜:,,,彐,1급
哄,떠들썩할 홍,,,口,1급
函,함(函) 함,,,凵,1급
偕,함께 해,,,人,1급
歇,쉴 헐,,,欠,1급
醯,식혜 혜,,,酉,1급
訌,어지러울 홍,,,言,1급
銜,재갈 함,,,金,1급
駭,놀랄 해,,,馬,1급
衒,자랑할 현:,,,行,1급
糊,풀칠할 호,,,米,1급
虹,무지개 홍,,,虫,1급
鹹,짤[鹽味] 함,,,鹵,1급
懈,게으를 해:,,,心,1급
眩,어지러울 현:,,,目,1급
弧,활 호,,,弓,1급
宦,벼슬 환:,,,宀,1급
盒,합(盒) 합,,,皿,1급
咳,기침 해,,,口,1급
絢,무늬 현:,,,糸,1급
狐,여우 호,,,犬,1급
鰥,홀아비 환,,,魚,1급
喚,부를 환,,,口,1급
惶,두려울 황,,,心,1급
爻,사귈 효,가로그을 효,,爻,1급
卉,풀 훼,,,十,1급
欠,하품 흠:,,,欠,1급
驩,기뻐할 환,,,馬,1급
賄,재물 회:,뇌물 회:,,貝,1급
酵,삭힐 효:,,,酉,1급
麾,기(旗) 휘,,,麻,1급
洽,흡족할 흡,,,水,1급
猾,교활할 활,,,犬,1급
誨,가르칠 회:,,,言,1급
哮,성낼 효,,,口,1급
彙,무리 휘,,,彐,1급
恰,흡사할 흡,,,心,1급
闊,넓을 활,,,門,1급
蛔,회충 회,,,虫,1급
逅,만날 후:,,,辵,1급
諱,숨길 휘,꺼릴 휘,,言,1급
犧,희생 희,,,牛,1급
煌,빛날 황,,,火,1급
膾,회(膾) 회:,,,肉,1급
朽,썩을 후:,,,木,1급
恤,불쌍할 휼,,,心,1급
詰,꾸짖을 힐,,,言,1급
徨,헤맬 황,,,彳,1급
繪,그림 회:,,,糸,1급
嗅,맡을 후:,,,口,1급
兇,흉악할 흉,,,儿,1급
遑,급할 황,,,辵,1급
晦,그믐 회,,,日,1급
吼,울부짖을 후:,,,口,1급
洶,용솟음칠 흉,,,水,1급
恍,황홀할 황,,,心,1급
徊,머뭇거릴 회,,,彳,1급
暈,무리[光環] 훈,,,日,1급
欣,기쁠 흔,,,欠,1급
慌,어리둥절할 황,,,心,1급
恢,넓을 회,,,心,1급
喧,지껄일 휜,,,口,1급
痕,흔적 흔,,,疒,1급
凰,봉황 황,,,几,1급
嚆,울릴 효,,,口,1급
喙,부리 훼,,,口,1급
歆,흠향할 흠,,,欠,1급
